mav_pos_x,mav_pos_y,mav_pos_z,mav_vel_x,mav_vel_y,mav_vel_z,mav_yaw,mav_pitch,mav_roll,delta_x,delta_y,delta_z,init_pos_x,init_pos_y,init_pos_z,control_x,control_y,control_z,index_image,timestamp,encoding_1,encoding_2,encoding_3,encoding_4,encoding_5,encoding_6,encoding_7,encoding_8,encoding_9,encoding_10,encoding_11,encoding_12,encoding_13,encoding_14,encoding_15,encoding_16,encoding_17,encoding_18,encoding_19,encoding_20,encoding_21,encoding_22,encoding_23,encoding_24,encoding_25,encoding_26,encoding_27,encoding_28,encoding_29,encoding_30,encoding_31,encoding_32
0.3798825144767761,0.7430568337440491,1.078028917312622,0.3262041139874159,-0.03997144896502498,-0.1681860905576639,0.031291773665520405,0.016019333097413914,0.029739761700498503,0.4646983504295349,0.044873046875000044,-0.314634346961975,0.359571248292923,0.7455733418464661,1.087894320487976,-0.1502972,-0.018610094,0.11084882,2.0,1740111766.87937,-0.05307306349277496,0.0480797104537487,0.14770488440990448,0.2804703116416931,-0.12922586500644684,-0.023560337722301483,0.09940090030431747,0.30925753712654114,0.08847364783287048,0.09162704646587372,0.15945777297019958,0.31096211075782776,0.17304539680480957,-0.04974365234375,0.13636933267116547,0.0020022012759000063,0.1221013069152832,0.11551393568515778,-0.13653694093227386,0.19880712032318115,-0.01982717588543892,-0.2655239701271057,-0.17795346677303314,0.0812673419713974,-0.056509293615818024,-0.11282433569431305,0.25614428520202637,-0.042893268167972565,-0.022448107600212097,0.2857831120491028,-0.08082695305347443,-0.17194131016731262
0.4035647213459015,0.7402345538139343,1.0671075582504272,0.3192766403360374,-0.044157086846674035,-0.16455755218393253,0.02956862776979627,0.016237787878007243,0.03433090164258405,0.4798825144767761,0.04305683374404912,-0.32197108268737784,0.359571248292923,0.7455733418464661,1.087894320487976,-0.16455129,-0.01791615,0.10536557,3.0,1740111766.9528947,-0.05433429032564163,0.04786885157227516,0.1465335190296173,0.2779078185558319,-0.12788815796375275,-0.02377176471054554,0.09865538775920868,0.30644744634628296,0.08591042459011078,0.09035979211330414,0.15847942233085632,0.30675333738327026,0.17155137658119202,-0.0488123744726181,0.1333928257226944,0.0008864144328981638,0.11930986493825912,0.11397962272167206,-0.13440357148647308,0.19715291261672974,-0.018797356635332108,-0.26366978883743286,-0.1760193556547165,0.0799318328499794,-0.057919688522815704,-0.11170254647731781,0.25449037551879883,-0.042269378900527954,-0.021911807358264923,0.28325724601745605,-0.07857486605644226,-0.17127668857574463
0.4196101129055023,0.7377313375473022,1.0596718788146973,0.25887297757621164,-0.030912950070651927,-0.11002124526254493,0.03369740085408175,0.006921252836475117,0.029903487538077696,0.5035647213459015,0.04023455381393437,-0.33289244174957267,0.359571248292923,0.7455733418464661,1.087894320487976,-0.15013628,-0.015802413,0.08815835,4.0,1740111767.032948,-0.06547462940216064,0.041591349989175797,0.15336240828037262,0.3116289973258972,-0.1546201854944229,-0.011408954858779907,0.12064219266176224,0.3383844792842865,0.07868801802396774,0.09441827237606049,0.16573861241340637,0.33875173330307007,0.19124265015125275,-0.05219027400016785,0.13650977611541748,0.010585816577076912,0.12073103338479996,0.13328838348388672,-0.15554241836071014,0.2321932315826416,-0.010334192775189877,-0.2718273997306824,-0.19257283210754395,0.08978255093097687,-0.07377725094556808,-0.13031643629074097,0.2655445635318756,-0.045913152396678925,-0.008502677083015442,0.31717607378959656,-0.09206755459308624,-0.2134353667497635
0.43893998861312866,0.7353994250297546,1.0542559623718262,0.25887297757621164,-0.030912950070651927,-0.11002124526254493,0.03555321496109038,0.006557380111933586,0.036550006444836705,0.5196101129055023,0.03773133754730229,-0.34032812118530265,0.359571248292923,0.7455733418464661,1.087894320487976,-0.1673671,-0.017753273,0.09375265,5.0,1740111767.1118824,-0.07118980586528778,0.03791779652237892,0.15101835131645203,0.3158267140388489,-0.16221626102924347,-0.005679842084646225,0.12729771435260773,0.34287238121032715,0.07008463889360428,0.09128262102603912,0.16237352788448334,0.3418215215206146,0.1937136948108673,-0.04916495084762573,0.13003529608249664,0.013080534525215626,0.1157623827457428,0.13710030913352966,-0.15843917429447174,0.23955386877059937,-0.002333730459213257,-0.26624831557273865,-0.1936558485031128,0.08994735032320023,-0.08104963600635529,-0.13539984822273254,0.26166796684265137,-0.04375354200601578,0.0007124617695808411,0.32367822527885437,-0.09317575395107269,-0.22853326797485352
0.4492894411087036,0.7341732978820801,1.052538275718689,0.22128865872101897,-0.026984793195787605,-0.059292892854004506,0.03559582716609619,0.007621600558763854,0.03937939062905612,0.5389399886131286,0.03539942502975468,-0.34574403762817374,0.359571248292923,0.7455733418464661,1.087894320487976,-0.17191458,-0.016209945,0.09510264,6.0,1740111767.1610887,-0.07413536310195923,0.03434373065829277,0.15052147209644318,0.32758018374443054,-0.17344260215759277,0.0009719617664813995,0.1366056650876999,0.3541907072067261,0.06890089064836502,0.09151257574558258,0.1619054228067398,0.35488447546958923,0.20139607787132263,-0.05091910809278488,0.1296340823173523,0.018571946769952774,0.11851521581411362,0.14578157663345337,-0.1674393117427826,0.25230923295021057,0.0012813406065106392,-0.2660597860813141,-0.19974474608898163,0.09387817233800888,-0.08358155190944672,-0.1429559886455536,0.26220017671585083,-0.044709667563438416,0.007973786443471909,0.3350505232810974,-0.10150881111621857,-0.24546928703784943
0.4596070647239685,0.7335944175720215,1.0521184206008911,0.22128865872101897,-0.026984793195787605,-0.059292892854004506,0.030786161646775417,0.015852045711210083,0.04507688413057398,0.5492894411087036,0.03417329788208012,-0.34746172428131095,0.359571248292923,0.7455733418464661,1.087894320487976,-0.1858451,-0.017747127,0.10206802,7.0,1740111767.2059255,-0.07613450288772583,0.029851919040083885,0.1428603231906891,0.32362356781959534,-0.17679038643836975,0.007419083267450333,0.14156126976013184,0.35144203901290894,0.06399352103471756,0.08678846061229706,0.1518222540616989,0.352243572473526,0.20194964110851288,-0.04846376180648804,0.12100085616111755,0.025136271491646767,0.11454162746667862,0.1469108611345291,-0.169492706656456,0.25393614172935486,0.006854883395135403,-0.2513190805912018,-0.19761736690998077,0.09168636053800583,-0.08018893748521805,-0.14393006265163422,0.2518811821937561,-0.041820816695690155,0.019322464242577553,0.33439573645591736,-0.10416442155838013,-0.25476670265197754
0.4615383446216583,0.7327898740768433,1.05132257938385,0.22128865872101897,-0.026984793195787605,-0.059292892854004506,0.03525399142324664,0.00807026146559705,0.04242430423502884,0.5596070647239685,0.03359441757202153,-0.3478815793991088,0.359571248292923,0.7455733418464661,1.087894320487976,-0.19500175,-0.017783903,0.10156099,8.0,1740111767.2368484,-0.07945361733436584,0.031558915972709656,0.14473165571689606,0.325557142496109,-0.17700275778770447,0.004658348858356476,0.14059509336948395,0.3523437976837158,0.059632353484630585,0.08637578785419464,0.15455135703086853,0.3504581153392792,0.20112168788909912,-0.04782824218273163,0.11991383135318756,0.021300096064805984,0.11092536896467209,0.14550717175006866,-0.16960075497627258,0.2541091740131378,0.0067772455513477325,-0.25420910120010376,-0.19726844131946564,0.09193674474954605,-0.08535529673099518,-0.14353793859481812,0.2554480731487274,-0.0429033488035202,0.01753099635243416,0.3346517086029053,-0.09873819351196289,-0.2555389106273651
0.4694153368473053,0.7320064902305603,1.050959825515747,0.19447380533424571,-0.016777457353731855,-0.016226558808674258,0.0346279232162476,0.005781306340807863,0.044725689588360935,0.5651917815208435,0.03298507928848271,-0.34834089279174796,0.359571248292923,0.7455733418464661,1.087894320487976,-0.19500175,-0.017783903,0.10156099,9.0,1740111767.276826,-0.07945361733436584,0.031558915972709656,0.14473165571689606,0.325557142496109,-0.17700275778770447,0.004658348858356476,0.14059509336948395,0.3523437976837158,0.059632353484630585,0.08637578785419464,0.15455135703086853,0.3504581153392792,0.20112168788909912,-0.04782824218273163,0.11991383135318756,0.021300096064805984,0.11092536896467209,0.14550717175006866,-0.16960075497627258,0.2541091740131378,0.0067772455513477325,-0.25420910120010376,-0.19726844131946564,0.09193674474954605,-0.08535529673099518,-0.14353793859481812,0.2554480731487274,-0.0429033488035202,0.01753099635243416,0.3346517086029053,-0.09873819351196289,-0.2555389106273651
0.4813337028026581,0.7314156889915466,1.0518747568130493,0.1392478041269582,-0.014445520185701454,-0.00029978187077884963,0.03170509522911549,0.015632175255544667,0.04912871534440385,0.5694153368473053,0.03200649023056035,-0.34904017448425284,0.359571248292923,0.7455733418464661,1.087894320487976,-0.19500175,-0.017783903,0.10156099,10.0,1740111767.3532526,-0.07945361733436584,0.031558915972709656,0.14473165571689606,0.325557142496109,-0.17700275778770447,0.004658348858356476,0.14059509336948395,0.3523437976837158,0.059632353484630585,0.08637578785419464,0.15455135703086853,0.3504581153392792,0.20112168788909912,-0.04782824218273163,0.11991383135318756,0.021300096064805984,0.11092536896467209,0.14550717175006866,-0.16960075497627258,0.2541091740131378,0.0067772455513477325,-0.25420910120010376,-0.19726844131946564,0.09193674474954605,-0.08535529673099518,-0.14353793859481812,0.2554480731487274,-0.0429033488035202,0.01753099635243416,0.3346517086029053,-0.09873819351196289,-0.2555389106273651
0.4865415692329407,0.730839729309082,1.0525753498077393,0.1392478041269582,-0.014445520185701454,-0.00029978187077884963,0.03156602370743363,0.014949634574428099,0.05048296140776685,0.5813337028026581,0.031415688991546675,-0.3481252431869506,0.359571248292923,0.7455733418464661,1.087894320487976,-0.18337223,-0.019240871,0.13173276,11.0,1740111767.4016256,-0.08684077858924866,0.028223739936947823,0.1500626802444458,0.3358890116214752,-0.1833268254995346,0.010535616427659988,0.15031607449054718,0.36231729388237,0.05152656137943268,0.09044885635375977,0.16185957193374634,0.36001139879226685,0.20840388536453247,-0.04571573808789253,0.11795559525489807,0.023831192404031754,0.10499783605337143,0.15334448218345642,-0.17315907776355743,0.2682168483734131,0.015183456242084503,-0.25796258449554443,-0.20287193357944489,0.09479881078004837,-0.09707421064376831,-0.15060505270957947,0.25882434844970703,-0.04228883236646652,0.02703911066055298,0.3509853780269623,-0.10053418576717377,-0.27513790130615234
0.48792019486427307,0.7305987477302551,1.0526679754257202,0.1392478041269582,-0.014445520185701454,-0.00029978187077884963,0.03179912526318681,0.014820904986221177,0.0524928192679136,0.5865415692329407,0.030839729309082076,-0.34742465019226065,0.359571248292923,0.7455733418464661,1.087894320487976,-0.20295422,-0.018767193,0.117262684,12.0,1740111767.432487,-0.0952947810292244,0.023998361080884933,0.15871566534042358,0.36872273683547974,-0.20684462785720825,0.019883878529071808,0.16859827935695648,0.3932598829269409,0.049116261303424835,0.09599936008453369,0.17142650485038757,0.3918604850769043,0.2264120876789093,-0.05024993419647217,0.12499415874481201,0.031310539692640305,0.10969489812850952,0.17116062343120575,-0.19441862404346466,0.29930174350738525,0.019500121474266052,-0.2699929177761078,-0.21952909231185913,0.10574432462453842,-0.10904431343078613,-0.16718392074108124,0.272560179233551,-0.04786276817321777,0.035677503794431686,0.38239631056785583,-0.11311112344264984,-0.3101613521575928
0.4917246699333191,0.7302294373512268,1.0535099506378174,0.1030478502989824,-0.009570496905269784,0.015971955100185335,0.03230038902023112,0.014855856145346647,0.05503460969454742,0.587920194864273,0.03059874773025517,-0.3473320245742797,0.359571248292923,0.7455733418464661,1.087894320487976,-0.20295422,-0.018767193,0.117262684,13.0,1740111767.472687,-0.0952947810292244,0.023998361080884933,0.15871566534042358,0.36872273683547974,-0.20684462785720825,0.019883878529071808,0.16859827935695648,0.3932598829269409,0.049116261303424835,0.09599936008453369,0.17142650485038757,0.3918604850769043,0.2264120876789093,-0.05024993419647217,0.12499415874481201,0.031310539692640305,0.10969489812850952,0.17116062343120575,-0.19441862404346466,0.29930174350738525,0.019500121474266052,-0.2699929177761078,-0.21952909231185913,0.10574432462453842,-0.10904431343078613,-0.16718392074108124,0.272560179233551,-0.04786276817321777,0.035677503794431686,0.38239631056785583,-0.11311112344264984,-0.3101613521575928
0.4926265776157379,0.7294648289680481,1.0538171529769897,0.1030478502989824,-0.009570496905269784,0.015971955100185335,0.034824247825615634,0.008342054545411417,0.05090976276756027,0.5917246699333191,0.03022943735122685,-0.34649004936218253,0.359571248292923,0.7455733418464661,1.087894320487976,-0.20738555,-0.019408438,0.11313363,14.0,1740111767.514484,-0.0967596247792244,0.022688299417495728,0.16034139692783356,0.375108540058136,-0.2115754336118698,0.022473331540822983,0.1729535460472107,0.39955633878707886,0.0488462820649147,0.09723755717277527,0.17318971455097198,0.39868006110191345,0.23059585690498352,-0.05102355778217316,0.1263926476240158,0.033751629292964935,0.11068036407232285,0.175368532538414,-0.19883035123348236,0.3060188591480255,0.020927973091602325,-0.2715616822242737,-0.22325962781906128,0.1078120544552803,-0.11096101999282837,-0.17086909711360931,0.27471327781677246,-0.04846861958503723,0.03863807022571564,0.38927897810935974,-0.11680455505847931,-0.3179875314235687
0.49435779452323914,0.7294721007347107,1.054948091506958,0.1030478502989824,-0.009570496905269784,0.015971955100185335,0.028947962833950087,0.019883510948323344,0.0454126566413882,0.5926265776157379,0.02946482896804814,-0.34618284702301017,0.359571248292923,0.7455733418464661,1.087894320487976,-0.20365557,-0.018202081,0.116527356,15.0,1740111767.5575411,-0.09914452582597733,0.022640474140644073,0.16461239755153656,0.38413622975349426,-0.21704359352588654,0.0233529731631279,0.17646899819374084,0.408174604177475,0.047641001641750336,0.0998268574476242,0.17819073796272278,0.40695255994796753,0.23429875075817108,-0.05182071030139923,0.1292894184589386,0.032952938228845596,0.11206424981355667,0.17933878302574158,-0.20287922024726868,0.3133072555065155,0.021742340177297592,-0.2790340781211853,-0.22716248035430908,0.111176036298275,-0.116538405418396,-0.1752970814704895,0.2807764410972595,-0.05063580721616745,0.0381232388317585,0.39777427911758423,-0.11863087117671967,-0.32495957612991333
0.4957287013530731,0.7288274168968201,1.0568329095840454,0.04592662296926039,-0.007917450840417938,0.023871330607653535,0.03564486030652634,0.010269484497324224,0.04414399965006807,0.5943577945232391,0.029472100734710738,-0.3450519084930419,0.359571248292923,0.7455733418464661,1.087894320487976,-0.20323329,-0.018351596,0.11754443,16.0,1740111767.5896719,-0.10030917823314667,0.022050317376852036,0.1680709719657898,0.3917112648487091,-0.2219136506319046,0.02539478987455368,0.18016736209392548,0.4161350727081299,0.048146285116672516,0.10181815922260284,0.18133479356765747,0.4148483872413635,0.23851273953914642,-0.0521535724401474,0.13229180872440338,0.03469117358326912,0.11387459933757782,0.1829824000597,-0.2072456032037735,0.3202399015426636,0.02281004935503006,-0.28341230750083923,-0.23129384219646454,0.11367454379796982,-0.11895376443862915,-0.17903384566307068,0.2847708761692047,-0.0515996590256691,0.03934474289417267,0.4058064818382263,-0.12211909890174866,-0.33217403292655945
0.4961884915828705,0.7286088466644287,1.0582257509231567,0.04592662296926039,-0.007917450840417938,0.023871330607653535,0.03554448172718044,0.011113449837413468,0.04276637044866789,0.5957287013530731,0.028827416896820113,-0.3431670904159545,0.359571248292923,0.7455733418464661,1.087894320487976,-0.20323329,-0.018351596,0.11754443,17.0,1740111767.6368003,-0.10030917823314667,0.022050317376852036,0.1680709719657898,0.3917112648487091,-0.2219136506319046,0.02539478987455368,0.18016736209392548,0.4161350727081299,0.048146285116672516,0.10181815922260284,0.18133479356765747,0.4148483872413635,0.23851273953914642,-0.0521535724401474,0.13229180872440338,0.03469117358326912,0.11387459933757782,0.1829824000597,-0.2072456032037735,0.3202399015426636,0.02281004935503006,-0.28341230750083923,-0.23129384219646454,0.11367454379796982,-0.11895376443862915,-0.17903384566307068,0.2847708761692047,-0.0515996590256691,0.03934474289417267,0.4058064818382263,-0.12211909890174866,-0.33217403292655945
0.49604326486587524,0.7280433177947998,1.0614533424377441,0.004200429438279785,-0.012965563621259172,0.042268023111427584,0.03478916838956251,0.009400768048832704,0.04686815771516936,0.5961884915828705,0.028608846664428755,-0.3417742490768432,0.359571248292923,0.7455733418464661,1.087894320487976,-0.20381352,-0.018406212,0.11541073,18.0,1740111767.6910253,-0.10037495940923691,0.021969471126794815,0.17069047689437866,0.39631593227386475,-0.2242162674665451,0.02668725699186325,0.1821545511484146,0.4211506247520447,0.049746155738830566,0.10346962511539459,0.18406206369400024,0.420151025056839,0.2415250688791275,-0.05239134281873703,0.13497816026210785,0.03617378696799278,0.11566974967718124,0.18540912866592407,-0.20988447964191437,0.3244165778160095,0.023327138274908066,-0.2865188419818878,-0.23446615040302277,0.11525595933198929,-0.11970910429954529,-0.1812145859003067,0.28743112087249756,-0.051901139318943024,0.040053121745586395,0.41099637746810913,-0.12505057454109192,-0.3360328674316406
0.49452701210975647,0.7274593710899353,1.0648730993270874,0.004200429438279785,-0.012965563621259172,0.042268023111427584,0.03507893512961447,0.007988628757360441,0.046214066860490136,0.5960432648658752,0.02804331779479985,-0.33854665756225577,0.359571248292923,0.7455733418464661,1.087894320487976,-0.20916176,-0.017404351,0.11986442,19.0,1740111767.7495155,-0.10162238031625748,0.02155066654086113,0.17292101681232452,0.40230506658554077,-0.2278466671705246,0.027752943336963654,0.1850961148738861,0.4266325533390045,0.04961200803518295,0.10486093163490295,0.18643654882907867,0.4260026216506958,0.24469812214374542,-0.053588807582855225,0.1367575228214264,0.03690318763256073,0.11696121096611023,0.1888609528541565,-0.21331362426280975,0.3296934962272644,0.023658452555537224,-0.2896558344364166,-0.23762376606464386,0.11709094792604446,-0.12190894782543182,-0.18426701426506042,0.2905806601047516,-0.053061552345752716,0.04088465869426727,0.4164506494998932,-0.1273982673883438,-0.3413138687610626
0.49387380480766296,0.7272979021072388,1.065710425376892,-0.02248972326596815,-0.008651859804201785,0.04993365726249648,0.035264902007441416,0.008304338993582258,0.04642263852836109,0.5945270121097564,0.027459371089935347,-0.3351269006729125,0.359571248292923,0.7455733418464661,1.087894320487976,-0.20106411,-0.016863525,0.12024827,20.0,1740111767.7817671,-0.09856701642274857,0.023837735876441002,0.17206883430480957,0.39528366923332214,-0.22164829075336456,0.023628316819667816,0.17887896299362183,0.4196722209453583,0.051690474152565,0.10450877249240875,0.18510118126869202,0.41845259070396423,0.23924481868743896,-0.05381253361701965,0.13711269199848175,0.032437875866889954,0.117844358086586,0.18451905250549316,-0.2074793130159378,0.32103246450424194,0.020495016127824783,-0.2904943525791168,-0.23337425291538239,0.11504196375608444,-0.11986921727657318,-0.1799108386039734,0.2896798253059387,-0.05298113822937012,0.034917090088129044,0.4076196849346161,-0.12363873422145844,-0.3294256925582886
0.4916628897190094,0.7268538475036621,1.068518042564392,-0.02248972326596815,-0.008651859804201785,0.04993365726249648,0.03563298534482914,0.008052490391895338,0.04822943669275646,0.5938738048076629,0.027297902107238814,-0.3342895746231078,0.359571248292923,0.7455733418464661,1.087894320487976,-0.20106411,-0.016863525,0.12024827,21.0,1740111767.8295417,-0.09856701642274857,0.023837735876441002,0.17206883430480957,0.39528366923332214,-0.22164829075336456,0.023628316819667816,0.17887896299362183,0.4196722209453583,0.051690474152565,0.10450877249240875,0.18510118126869202,0.41845259070396423,0.23924481868743896,-0.05381253361701965,0.13711269199848175,0.032437875866889954,0.117844358086586,0.18451905250549316,-0.2074793130159378,0.32103246450424194,0.020495016127824783,-0.2904943525791168,-0.23337425291538239,0.11504196375608444,-0.11986921727657318,-0.1799108386039734,0.2896798253059387,-0.05298113822937012,0.034917090088129044,0.4076196849346161,-0.12363873422145844,-0.3294256925582886
0.4883333444595337,0.7264116406440735,1.0712385177612305,-0.02248972326596815,-0.008651859804201785,0.04993365726249648,0.035656151087117165,0.009525722970677062,0.05007695667514401,0.5916628897190094,0.026853847503662154,-0.3314819574356078,0.359571248292923,0.7455733418464661,1.087894320487976,-0.20223191,-0.016948283,0.12001781,22.0,1740111767.8843071,-0.09835638850927353,0.02360379323363304,0.17100614309310913,0.3923625349998474,-0.2200993448495865,0.023612994700670242,0.17819617688655853,0.41694822907447815,0.050453606992959976,0.10371547937393188,0.18347856402397156,0.4155180752277374,0.2376960963010788,-0.05298677831888199,0.13557791709899902,0.03217843919992447,0.11644020676612854,0.18295331299304962,-0.20557831227779388,0.31886059045791626,0.020910343155264854,-0.2883281409740448,-0.23155219852924347,0.11390138417482376,-0.11929692327976227,-0.17870540916919708,0.28774192929267883,-0.05233123153448105,0.03539196401834488,0.4055337607860565,-0.12230469286441803,-0.32788851857185364
0.4853994846343994,0.7263789176940918,1.0748929977416992,-0.057541434949717675,-0.008903209825407751,0.056479039387312975,0.032465376635640635,0.018401815992055894,0.04993221654052384,0.5883333444595337,0.02641164064407353,-0.32876148223876944,0.359571248292923,0.7455733418464661,1.087894320487976,-0.2034315,-0.016111016,0.12200126,23.0,1740111767.9236572,-0.09801510721445084,0.02411605417728424,0.17382551729679108,0.3972603678703308,-0.22232390940189362,0.023134857416152954,0.1793718785047531,0.42165660858154297,0.0526309609413147,0.10548515617847443,0.18679508566856384,0.42085474729537964,0.2400396764278412,-0.05488331615924835,0.13939476013183594,0.03223802521824837,0.11931703239679337,0.1852799504995346,-0.20843122899532318,0.32229769229888916,0.019216768443584442,-0.29289644956588745,-0.234518900513649,0.11570502072572708,-0.12002284824848175,-0.18064361810684204,0.29199886322021484,-0.05398993194103241,0.03356491029262543,0.4093235433101654,-0.12444983422756195,-0.32896608114242554
0.47981521487236023,0.725572407245636,1.0777091979980469,-0.057541434949717675,-0.008903209825407751,0.056479039387312975,0.035847634956336756,0.009404138867068963,0.04167339393082716,0.5853994846343994,0.02637891769409184,-0.3251070022583007,0.359571248292923,0.7455733418464661,1.087894320487976,-0.19923563,-0.017029747,0.12104814,24.0,1740111767.9684637,-0.09702346473932266,0.024626046419143677,0.1741648018360138,0.39519163966178894,-0.22049181163311005,0.022503599524497986,0.1779928058385849,0.4201585054397583,0.05306566506624222,0.10539436340332031,0.18646793067455292,0.4191514253616333,0.23870690166950226,-0.054189957678318024,0.13963010907173157,0.03158903121948242,0.11926767975091934,0.18381017446517944,-0.20681898295879364,0.3199699819087982,0.019034743309020996,-0.29282912611961365,-0.2335248589515686,0.11478584259748459,-0.11899471282958984,-0.17956186830997467,0.29150524735450745,-0.05340518802404404,0.032718196511268616,0.40773284435272217,-0.12385649979114532,-0.32622548937797546
0.4772412180900574,0.7256609797477722,1.080482840538025,-0.08995154085530445,-0.005387184548666532,0.07414477155905327,0.03300240116759838,0.016648637912155703,0.04533972153817478,0.5798152148723602,0.02557240724563603,-0.32229080200195304,0.359571248292923,0.7455733418464661,1.087894320487976,-0.19923563,-0.017029747,0.12104814,25.0,1740111768.0146015,-0.09702346473932266,0.024626046419143677,0.1741648018360138,0.39519163966178894,-0.22049181163311005,0.022503599524497986,0.1779928058385849,0.4201585054397583,0.05306566506624222,0.10539436340332031,0.18646793067455292,0.4191514253616333,0.23870690166950226,-0.054189957678318024,0.13963010907173157,0.03158903121948242,0.11926767975091934,0.18381017446517944,-0.20681898295879364,0.3199699819087982,0.019034743309020996,-0.29282912611961365,-0.2335248589515686,0.11478584259748459,-0.11899471282958984,-0.17956186830997467,0.29150524735450745,-0.05340518802404404,0.032718196511268616,0.40773284435272217,-0.12385649979114532,-0.32622548937797546
0.4715156853199005,0.725267231464386,1.0839622020721436,-0.08995154085530445,-0.005387184548666532,0.07414477155905327,0.031157946662129128,0.01648744738018755,0.04623301833591922,0.5772412180900574,0.02566097974777226,-0.319517159461975,0.359571248292923,0.7455733418464661,1.087894320487976,-0.20418283,-0.016754813,0.11733379,26.0,1740111768.0646725,-0.09553240984678268,0.02541155368089676,0.17469626665115356,0.39313116669654846,-0.21843396127223969,0.02126307785511017,0.17613601684570312,0.4185860753059387,0.054192155599594116,0.10572603344917297,0.18644338846206665,0.41737842559814453,0.23703935742378235,-0.053965091705322266,0.1405278444290161,0.030270900577306747,0.11989430338144302,0.18213210999965668,-0.20491567254066467,0.31723907589912415,0.018079988658428192,-0.2938126027584076,-0.23239290714263916,0.11414224654436111,-0.11786055564880371,-0.1782362163066864,0.2916094958782196,-0.053306110203266144,0.03070540726184845,0.40584030747413635,-0.12316352128982544,-0.3221423029899597
0.46401140093803406,0.7243123054504395,1.0869818925857544,-0.08995154085530445,-0.005387184548666532,0.07414477155905327,0.03431515400787309,0.011615127134939372,0.04167166560598051,0.5715156853199005,0.02526723146438603,-0.31603779792785636,0.359571248292923,0.7455733418464661,1.087894320487976,-0.2031921,-0.015273668,0.12193672,27.0,1740111768.115483,-0.08860186487436295,0.028200026601552963,0.1697290986776352,0.37465015053749084,-0.20527635514736176,0.015418000519275665,0.16460257768630981,0.4011300504207611,0.05926179885864258,0.1024453341960907,0.18050266802310944,0.40031108260154724,0.2270335555076599,-0.0528634637594223,0.139390230178833,0.026858452707529068,0.11992914974689484,0.17121954262256622,-0.1941075623035431,0.29888373613357544,0.012848119251430035,-0.28728994727134705,-0.22376243770122528,0.10834244638681412,-0.10766631364822388,-0.16803300380706787,0.28441718220710754,-0.051234133541584015,0.023258086293935776,0.3872055113315582,-0.11733916401863098,-0.2991851270198822
0.45710670948028564,0.7238066792488098,1.0903964042663574,-0.12887912035547933,-0.012651938418530035,0.06360863919564466,0.03514483606669289,0.01175689902680271,0.03866528623831555,0.564011400938034,0.024312305450439498,-0.3130181074142455,0.359571248292923,0.7455733418464661,1.087894320487976,-0.20254964,-0.015786514,0.11908918,28.0,1740111768.1648242,-0.08711439371109009,0.02874605916440487,0.1701456755399704,0.3720822334289551,-0.20280671119689941,0.014898158609867096,0.16289152204990387,0.39940664172172546,0.06020398437976837,0.102657750248909,0.18030089139938354,0.39845913648605347,0.22569382190704346,-0.051775380969047546,0.13999909162521362,0.026585852727293968,0.11997474730014801,0.1690286546945572,-0.1921093463897705,0.29628294706344604,0.012728942558169365,-0.28745129704475403,-0.22265079617500305,0.10762257128953934,-0.10608050227165222,-0.1664711833000183,0.28366008400917053,-0.050530776381492615,0.022296594455838203,0.3857521116733551,-0.11685621738433838,-0.2959173619747162
0.4498162269592285,0.7232601642608643,1.0938981771469116,-0.12887912035547933,-0.012651938418530035,0.06360863919564466,0.03538124529107898,0.010141448978507467,0.03703464170629535,0.5571067094802856,0.02380667924880986,-0.3096035957336425,0.359571248292923,0.7455733418464661,1.087894320487976,-0.20120859,-0.015962757,0.11893082,29.0,1740111768.2111707,-0.08780448138713837,0.028783682733774185,0.17115776240825653,0.3749724328517914,-0.20388498902320862,0.014721289277076721,0.1641317456960678,0.40150952339172363,0.06047002226114273,0.10390695929527283,0.18246063590049744,0.40102794766426086,0.22731441259384155,-0.053429096937179565,0.14098313450813293,0.026444483548402786,0.1206250935792923,0.17104101181030273,-0.19385689496994019,0.2988302707672119,0.01190723106265068,-0.2894991338253021,-0.22437645494937897,0.10872385650873184,-0.10703253746032715,-0.16753895580768585,0.2858051657676697,-0.0515444353222847,0.022007035091519356,0.3877447545528412,-0.11766627430915833,-0.29748404026031494
0.44566065073013306,0.7233649492263794,1.0968769788742065,-0.12428608753891558,-0.005994656696425286,0.06757328642609534,0.0305456953315258,0.018604502678288892,0.04059328317738694,0.5498162269592285,0.023260164260864302,-0.3061018228530883,0.359571248292923,0.7455733418464661,1.087894320487976,-0.19013739,-0.0147170685,0.12063166,30.0,1740111768.256073,-0.08433190733194351,0.030911222100257874,0.17375436425209045,0.3726072609424591,-0.1996723711490631,0.011267166584730148,0.1595875769853592,0.39969947934150696,0.06441008299589157,0.10517820715904236,0.18439573049545288,0.3994137942790985,0.22454074025154114,-0.05407767742872238,0.1449524462223053,0.022956298664212227,0.12375643849372864,0.16819611191749573,-0.1912081241607666,0.2935791611671448,0.008287442848086357,-0.29426029324531555,-0.2233113944530487,0.10831143707036972,-0.10418733954429626,-0.16523247957229614,0.2881311774253845,-0.05246669799089432,0.015610961243510246,0.38431861996650696,-0.11718541383743286,-0.2881917655467987
0.4393351972103119,0.7224308848381042,1.0988259315490723,-0.12428608753891558,-0.005994656696425286,0.06757328642609534,0.03501527568949561,0.011884656470180855,0.03659792067404604,0.545660650730133,0.02336494922637944,-0.30312302112579337,0.359571248292923,0.7455733418464661,1.087894320487976,-0.18841013,-0.01503168,0.11401818,31.0,1740111768.286548,-0.07569525390863419,0.03326873481273651,0.16784335672855377,0.34820306301116943,-0.18303096294403076,0.007378712296485901,0.14635860919952393,0.3794187903404236,0.06973792612552643,0.10070744156837463,0.17488083243370056,0.37777960300445557,0.2124481201171875,-0.048053398728370667,0.14183197915554047,0.021939780563116074,0.12176906317472458,0.15317435562610626,-0.17661577463150024,0.27119511365890503,0.006703786086291075,-0.283498615026474,-0.21177682280540466,0.10020709782838821,-0.09116403758525848,-0.15253527462482452,0.2758944034576416,-0.04711122810840607,0.011313937604427338,0.3641678988933563,-0.11122125387191772,-0.26439082622528076
0.4293018579483032,0.7220267653465271,1.1045383214950562,-0.12428608753891558,-0.005994656696425286,0.06757328642609534,0.03127052089482564,0.01854286243965061,0.04068199661252492,0.537845230102539,0.02265088558197026,-0.29934885501861563,0.359571248292923,0.7455733418464661,1.087894320487976,-0.18841013,-0.01503168,0.11401818,32.0,1740111768.3411105,-0.07569525390863419,0.03326873481273651,0.16784335672855377,0.34820306301116943,-0.18303096294403076,0.007378712296485901,0.14635860919952393,0.3794187903404236,0.06973792612552643,0.10070744156837463,0.17488083243370056,0.37777960300445557,0.2124481201171875,-0.048053398728370667,0.14183197915554047,0.021939780563116074,0.12176906317472458,0.15317435562610626,-0.17661577463150024,0.27119511365890503,0.006703786086291075,-0.283498615026474,-0.21177682280540466,0.10020709782838821,-0.09116403758525848,-0.15253527462482452,0.2758944034576416,-0.04711122810840607,0.011313937604427338,0.3641678988933563,-0.11122125387191772,-0.26439082622528076
0.42040714621543884,0.7211921811103821,1.108742594718933,-0.1878053394923872,-0.015842939497941452,0.08758716133496566,0.030681108715655436,0.01887429612000144,0.0386448720181815,0.5293018579483032,0.022026765346527144,-0.29546167850494376,0.359571248292923,0.7455733418464661,1.087894320487976,-0.19882455,-0.013459254,0.11191565,33.0,1740111768.3938923,-0.07806356996297836,0.03279060497879982,0.16500182449817657,0.3505442440509796,-0.18473993241786957,0.003978438675403595,0.14713236689567566,0.37803176045417786,0.06813027709722519,0.10021497309207916,0.17414112389087677,0.37759360671043396,0.21199436485767365,-0.05389600247144699,0.13989686965942383,0.01890765316784382,0.12170243263244629,0.1554993987083435,-0.17959637939929962,0.27199786901474,0.001669163815677166,-0.28314435482025146,-0.21098199486732483,0.10128166526556015,-0.09144678711891174,-0.15259383618831635,0.27811241149902344,-0.05065270513296127,0.009187141433358192,0.36036714911460876,-0.10858426988124847,-0.26362550258636475
0.4050726890563965,0.7198514938354492,1.1162790060043335,-0.16734863380944348,-0.014989036742447781,0.08218670383225772,0.030185364671362215,0.01780285773341745,0.03485980940349457,0.5204071462154388,0.021192181110382124,-0.2912574052810668,0.359571248292923,0.7455733418464661,1.087894320487976,-0.19354105,-0.013755992,0.11479898,34.0,1740111768.4833562,-0.07432621717453003,0.0342959500849247,0.16285012662410736,0.3422226309776306,-0.1785460263490677,0.000994354486465454,0.14142292737960815,0.37042197585105896,0.07122810930013657,0.09910410642623901,0.1712055802345276,0.37007221579551697,0.20714296400547028,-0.05317208915948868,0.13995811343193054,0.017536018043756485,0.12214979529380798,0.14986871182918549,-0.17464886605739594,0.26323893666267395,-0.0009484449401497841,-0.28087934851646423,-0.20648996531963348,0.09885188192129135,-0.08617131412029266,-0.14753921329975128,0.27505314350128174,-0.04973232001066208,0.00545845739543438,0.35189396142959595,-0.10578663647174835,-0.2530076503753662
0.3953925669193268,0.7189784049987793,1.1211460828781128,-0.16734863380944348,-0.014989036742447781,0.08218670383225772,0.030531935120140127,0.0186199767479982,0.033550359595904244,0.5050726890563965,0.019851493835449263,-0.2837209939956664,0.359571248292923,0.7455733418464661,1.087894320487976,-0.18944418,-0.013436042,0.10687259,35.0,1740111768.5244663,-0.07302132248878479,0.03597916662693024,0.16080068051815033,0.3353717029094696,-0.17225387692451477,-0.003594491630792618,0.13626202940940857,0.3620414137840271,0.07150906324386597,0.09811614453792572,0.170546293258667,0.3621674180030823,0.2022855430841446,-0.054311491549015045,0.13832047581672668,0.01341962069272995,0.12094728648662567,0.14564640820026398,-0.1699521243572235,0.2552121877670288,-0.004612521268427372,-0.2801077961921692,-0.20214296877384186,0.09659535437822342,-0.08361726254224777,-0.14296425879001617,0.27409428358078003,-0.050070278346538544,0.0009683072566986084,0.34256434440612793,-0.10075892508029938,-0.24262608587741852
0.3822733461856842,0.7178292870521545,1.1279243230819702,-0.19265137671434962,-0.0176645823220931,0.09746333361885999,0.03018042231330337,0.017746412842345852,0.03279268656153708,0.49539256691932676,0.01897840499877934,-0.2788539171218871,0.359571248292923,0.7455733418464661,1.087894320487976,-0.1798478,-0.01345234,0.11107429,36.0,1740111768.590085,-0.06801611930131912,0.03776812180876732,0.15689529478549957,0.320618212223053,-0.1607843041419983,-0.0077629536390304565,0.12816019356250763,0.348013311624527,0.07487548142671585,0.09644383192062378,0.16689477860927582,0.34933751821517944,0.19539810717105865,-0.052626557648181915,0.13680611550807953,0.012076228857040405,0.11989650130271912,0.13767971098423004,-0.16149358451366425,0.24173808097839355,-0.007796310819685459,-0.2747819125652313,-0.1954670250415802,0.09244910627603531,-0.07551776617765427,-0.13488507270812988,0.26830562949180603,-0.047992005944252014,-0.0025345049798488617,0.32930615544319153,-0.09540532529354095,-0.22640256583690643
0.37537503242492676,0.7172062993049622,1.1313296556472778,-0.19265137671434962,-0.0176645823220931,0.09746333361885999,0.031212762241764124,0.01711312516415253,0.03336612277588446,0.4822733461856842,0.017829287052154585,-0.2720756769180297,0.359571248292923,0.7455733418464661,1.087894320487976,-0.18019302,-0.014536168,0.104668975,37.0,1740111768.6183844,-0.06639695912599564,0.03796464204788208,0.16113197803497314,0.32361865043640137,-0.1612442582845688,-0.0061814673244953156,0.12983624637126923,0.3527570962905884,0.07768215984106064,0.09957833588123322,0.17125819623470306,0.35554584860801697,0.19851726293563843,-0.051457248628139496,0.14135664701461792,0.014421641826629639,0.12248554825782776,0.13979725539684296,-0.16281944513320923,0.24511536955833435,-0.00690318550914526,-0.279427707195282,-0.1992185264825821,0.09452039748430252,-0.07496832311153412,-0.1367049664258957,0.2708889842033386,-0.0478917732834816,-0.0018120687454938889,0.3358687162399292,-0.09921543300151825,-0.22815096378326416
0.36859390139579773,0.7166792750358582,1.1349276304244995,-0.19265137671434962,-0.0176645823220931,0.09746333361885999,0.031431775692197864,0.015825336903683547,0.03456991642032867,0.47537503242492674,0.017206299304962203,-0.2686703443527221,0.359571248292923,0.7455733418464661,1.087894320487976,-0.18019302,-0.014536168,0.104668975,38.0,1740111768.6586938,-0.06639695912599564,0.03796464204788208,0.16113197803497314,0.32361865043640137,-0.1612442582845688,-0.0061814673244953156,0.12983624637126923,0.3527570962905884,0.07768215984106064,0.09957833588123322,0.17125819623470306,0.35554584860801697,0.19851726293563843,-0.051457248628139496,0.14135664701461792,0.014421641826629639,0.12248554825782776,0.13979725539684296,-0.16281944513320923,0.24511536955833435,-0.00690318550914526,-0.279427707195282,-0.1992185264825821,0.09452039748430252,-0.07496832311153412,-0.1367049664258957,0.2708889842033386,-0.0478917732834816,-0.0018120687454938889,0.3358687162399292,-0.09921543300151825,-0.22815096378326416
0.3617619276046753,0.7161895632743835,1.1385968923568726,-0.21735929550497576,-0.017322784163640356,0.11144543619099778,0.031182880806902246,0.01505413173023918,0.03386791728968511,0.4685939013957977,0.0166792750358582,-0.2650723695755004,0.359571248292923,0.7455733418464661,1.087894320487976,-0.17685762,-0.01472728,0.09748158,39.0,1740111768.6962807,-0.06375353038311005,0.039016373455524445,0.16125336289405823,0.3198755979537964,-0.15765953063964844,-0.0074302200227975845,0.12728801369667053,0.3496119976043701,0.08005385100841522,0.10007140040397644,0.17119024693965912,0.35323548316955566,0.1968144029378891,-0.050562985241413116,0.14281034469604492,0.014161929488182068,0.12336890399456024,0.1374160796403885,-0.1599520891904831,0.24120670557022095,-0.00790467020124197,-0.27977654337882996,-0.19801166653633118,0.09358040243387222,-0.0724528580904007,-0.1344970464706421,0.2699943482875824,-0.047357261180877686,-0.004021991044282913,0.33329808712005615,-0.09872211515903473,-0.22226537764072418
0.3441067934036255,0.7149706482887268,1.1475498676300049,-0.21735929550497576,-0.017322784163640356,0.11144543619099778,0.03065288444515704,0.017099187052513374,0.034852410506058765,0.46176192760467527,0.01618956327438359,-0.26140310764312735,0.359571248292923,0.7455733418464661,1.087894320487976,-0.16636485,-0.015429169,0.10113858,40.0,1740111768.7717745,-0.060574136674404144,0.04014263302087784,0.16002367436885834,0.3135424256324768,-0.15281707048416138,-0.00948074460029602,0.1242571547627449,0.3435383439064026,0.08283556252717972,0.10022827982902527,0.16991746425628662,0.3495502471923828,0.19385011494159698,-0.050332024693489075,0.1439662128686905,0.014116223901510239,0.1237221509218216,0.13412883877754211,-0.1563044786453247,0.23544231057167053,-0.010480753146111965,-0.27805134654045105,-0.19565537571907043,0.09216722100973129,-0.06778418272733688,-0.1307373046875,0.26796579360961914,-0.04716821759939194,-0.006286356598138809,0.3289789855480194,-0.09710702300071716,-0.2139936089515686
0.3333761692047119,0.7143656015396118,1.153061032295227,-0.20429042937080724,-0.013579785712014751,0.10638293644485422,0.030241627605631833,0.016557844905239927,0.03417663523070661,0.44410679340362547,0.014970648288726851,-0.25245013236999503,0.359571248292923,0.7455733418464661,1.087894320487976,-0.16163981,-0.014117204,0.09949014,41.0,1740111768.8253734,-0.05466671660542488,0.041803546249866486,0.15864868462085724,0.3037012219429016,-0.14591743052005768,-0.011325977742671967,0.1192966178059578,0.3359190821647644,0.08797352015972137,0.10017384588718414,0.16711503267288208,0.34390202164649963,0.18958213925361633,-0.048364005982875824,0.14576710760593414,0.015018310397863388,0.1252567023038864,0.12917089462280273,-0.15074200928211212,0.2272481918334961,-0.01219534408301115,-0.2750129997730255,-0.19210807979106903,0.08963311463594437,-0.06012880057096481,-0.12566423416137695,0.2641567289829254,-0.04504656791687012,-0.008723203092813492,0.3233640491962433,-0.09677895903587341,-0.20286478102207184
0.3260459899902344,0.713908851146698,1.1567730903625488,-0.20429042937080724,-0.013579785712014751,0.10638293644485422,0.03406409735882688,0.0167417020063457,0.032531410480863616,0.4333761692047119,0.01436560153961186,-0.24693896770477286,0.359571248292923,0.7455733418464661,1.087894320487976,-0.1620068,-0.015336171,0.10548543,42.0,1740111768.8623395,-0.0534483939409256,0.04095776006579399,0.15704657137393951,0.30036503076553345,-0.14474596083164215,-0.00988820381462574,0.11991818249225616,0.33365729451179504,0.08897403627634048,0.09971752762794495,0.16449201107025146,0.34311777353286743,0.1894618570804596,-0.047631293535232544,0.14496251940727234,0.017954515293240547,0.12474429607391357,0.1288689374923706,-0.15054786205291748,0.22661906480789185,-0.011631608940660954,-0.27050766348838806,-0.19180640578269958,0.08889646828174591,-0.056026771664619446,-0.1246889978647232,0.26104748249053955,-0.04383576661348343,-0.006001684814691544,0.3227313756942749,-0.09801732003688812,-0.20284610986709595
0.3189009428024292,0.71360844373703,1.1605991125106812,-0.20429042937080724,-0.013579785712014751,0.10638293644485422,0.031127628078671494,0.018058802342359383,0.02678005959680321,0.42604598999023435,0.013908851146698042,-0.24322690963745108,0.359571248292923,0.7455733418464661,1.087894320487976,-0.15764278,-0.015235752,0.09705514,43.0,1740111768.904212,-0.04930998384952545,0.04279427230358124,0.1576383411884308,0.29554232954978943,-0.1403542011976242,-0.012702681124210358,0.11539644002914429,0.3300829827785492,0.09323984384536743,0.0992065817117691,0.1636086106300354,0.33966419100761414,0.18639296293258667,-0.04745764285326004,0.14759913086891174,0.0163267869502306,0.127384215593338,0.12572672963142395,-0.14862646162509918,0.220302551984787,-0.014880758710205555,-0.27063366770744324,-0.19023767113685608,0.08699243515729904,-0.05026865750551224,-0.12182068824768066,0.26154181361198425,-0.043142855167388916,-0.009161248803138733,0.3176117241382599,-0.09795333445072174,-0.1939345896244049
0.304338276386261,0.7128297686576843,1.1678569316864014,-0.20141096791510565,-0.010958180381601183,0.10300188645720312,0.030640969659669958,0.01921147884485719,0.02097674724786109,0.4189009428024292,0.013608443737030074,-0.23940088748931876,0.359571248292923,0.7455733418464661,1.087894320487976,-0.15381312,-0.01752229,0.09573729,44.0,1740111768.9590404,-0.04846657067537308,0.04218267649412155,0.1577797830104828,0.29501768946647644,-0.14030221104621887,-0.011163970455527306,0.11627954989671707,0.3305969536304474,0.09440916031599045,0.098997563123703,0.16276705265045166,0.34074923396110535,0.18735699355602264,-0.04707624763250351,0.1482531577348709,0.018605653196573257,0.128250852227211,0.12630850076675415,-0.14983265101909637,0.22083798050880432,-0.014571256004273891,-0.26882103085517883,-0.19134297966957092,0.08702771365642548,-0.047544077038764954,-0.12247997522354126,0.2606855034828186,-0.04272852838039398,-0.007363203912973404,0.31836289167404175,-0.10015600919723511,-0.19477489590644836
0.28669634461402893,0.7120270133018494,1.176282286643982,-0.2436840824180745,-0.012526206293184412,0.11696675216481778,0.02701261632191295,0.01808060719338646,0.017623570194421595,0.40433827638626096,0.01282976865768437,-0.23214306831359854,0.359571248292923,0.7455733418464661,1.087894320487976,-0.15154427,-0.01694104,0.09829438,45.0,1740111769.0532827,-0.0474235936999321,0.04276223108172417,0.15470221638679504,0.29032066464424133,-0.1374342292547226,-0.013410700485110283,0.11349457502365112,0.32518836855888367,0.09529563784599304,0.09722313284873962,0.16032752394676208,0.3358129858970642,0.18495318293571472,-0.04860612004995346,0.14674437046051025,0.017516490072011948,0.12839631736278534,0.1246495395898819,-0.14872035384178162,0.2160036563873291,-0.017342373728752136,-0.2654166519641876,-0.1890418827533722,0.08577721565961838,-0.04423241317272186,-0.1199769377708435,0.25885486602783203,-0.04309851676225662,-0.008569184690713882,0.31199026107788086,-0.09811815619468689,-0.1889439821243286
0.27598583698272705,0.7113649845123291,1.1806033849716187,-0.2436840824180745,-0.012526206293184412,0.11696675216481778,0.03466484625986781,0.015639410884885345,0.0188787062651007,0.3866963446140289,0.01202701330184941,-0.22371771335601798,0.359571248292923,0.7455733418464661,1.087894320487976,-0.14960094,-0.015423171,0.092726454,46.0,1740111769.0997152,-0.03912658989429474,0.044661931693553925,0.1589903086423874,0.285302996635437,-0.13314813375473022,-0.015187624841928482,0.10744807124137878,0.3266931474208832,0.10540622472763062,0.09743963181972504,0.1615082174539566,0.33771708607673645,0.18455585837364197,-0.04556504264473915,0.15481996536254883,0.018580345436930656,0.13631950318813324,0.1204739660024643,-0.1479416936635971,0.20896363258361816,-0.019331183284521103,-0.2701317369937897,-0.19014248251914978,0.08601627498865128,-0.034173086285591125,-0.11795012652873993,0.25987565517425537,-0.04187717288732529,-0.012330666184425354,0.3113481402397156,-0.10352325439453125,-0.17783524096012115
0.26907971501350403,0.7108979821205139,1.1836347579956055,-0.17636499559198457,-0.010905668469584693,0.07411184445662275,0.028649666273845888,0.016655887522799315,0.01428837230014553,0.37598583698272703,0.011364984512329146,-0.21939661502838126,0.359571248292923,0.7455733418464661,1.087894320487976,-0.13872945,-0.01539376,0.095528886,47.0,1740111769.1334274,-0.03537900000810623,0.04597161337733269,0.15976731479167938,0.28136080503463745,-0.1299920529127121,-0.01730610430240631,0.10353101044893265,0.32530316710472107,0.11034784466028214,0.09784305095672607,0.16245140135288239,0.33665576577186584,0.18385480344295502,-0.044067248702049255,0.15803968906402588,0.019002659246325493,0.13887594640254974,0.11662314832210541,-0.14585331082344055,0.20481857657432556,-0.020366422832012177,-0.27281999588012695,-0.18935351073741913,0.08620388805866241,-0.02989213913679123,-0.11559082567691803,0.26036494970321655,-0.041672103106975555,-0.015156123787164688,0.309167742729187,-0.10358330607414246,-0.17120064795017242
0.25900939106941223,0.7101560831069946,1.1879888772964478,-0.17636499559198457,-0.010905668469584693,0.07411184445662275,0.029140358142971622,0.017757814190093257,0.01412716110966532,0.36566773653030393,0.010766315460205123,-0.21497478485107413,0.359571248292923,0.7455733418464661,1.087894320487976,-0.13872945,-0.01539376,0.095528886,48.0,1740111769.1810205,-0.03537900000810623,0.04597161337733269,0.15976731479167938,0.28136080503463745,-0.1299920529127121,-0.01730610430240631,0.10353101044893265,0.32530316710472107,0.11034784466028214,0.09784305095672607,0.16245140135288239,0.33665576577186584,0.18385480344295502,-0.044067248702049255,0.15803968906402588,0.019002659246325493,0.13887594640254974,0.11662314832210541,-0.14585331082344055,0.20481857657432556,-0.020366422832012177,-0.27281999588012695,-0.18935351073741913,0.08620388805866241,-0.02989213913679123,-0.11559082567691803,0.26036494970321655,-0.041672103106975555,-0.015156123787164688,0.309167742729187,-0.10358330607414246,-0.17120064795017242
0.24855871498584747,0.7094442844390869,1.1922743320465088,-0.23681461605906015,-0.0159905098857337,0.10201754031635299,0.03127637340684855,0.017181079387278586,0.017802281243756823,0.3590093910694122,0.010156083106994673,-0.21201112270355216,0.359571248292923,0.7455733418464661,1.087894320487976,-0.13721603,-0.016561061,0.09156556,49.0,1740111769.2314324,-0.03283778578042984,0.04711635410785675,0.15861786901950836,0.2764448821544647,-0.12655217945575714,-0.019409015774726868,0.10013541579246521,0.3211035132408142,0.11289633810520172,0.09733980894088745,0.1609717309474945,0.3328511118888855,0.1815025955438614,-0.043691717088222504,0.15844562649726868,0.01834220066666603,0.13987675309181213,0.11427612602710724,-0.14337514340877533,0.20004644989967346,-0.022043529897928238,-0.2716131806373596,-0.1874731481075287,0.08491501957178116,-0.02634836733341217,-0.1129659116268158,0.25927573442459106,-0.04099169373512268,-0.016926422715187073,0.3044983148574829,-0.1025509387254715,-0.16487859189510345
0.23939311504364014,0.7092607021331787,1.197047472000122,-0.23681461605906015,-0.0159905098857337,0.10201754031635299,0.027547608417653083,0.012731432937366225,0.015417250626015592,0.34855871498584745,0.009444284439086958,-0.20772566795349112,0.359571248292923,0.7455733418464661,1.087894320487976,-0.13393618,-0.017708391,0.09353809,50.0,1740111769.2691884,-0.030791519209742546,0.049412745982408524,0.14922599494457245,0.26033300161361694,-0.11623063683509827,-0.025636430829763412,0.0911218672990799,0.302605539560318,0.11334754526615143,0.09240385890007019,0.15358155965805054,0.3139359951019287,0.17329451441764832,-0.0461278073489666,0.151790589094162,0.014622421935200691,0.13696114718914032,0.1075974553823471,-0.13715432584285736,0.1851089894771576,-0.028495680540800095,-0.26047661900520325,-0.1799265593290329,0.07982700318098068,-0.018462814390659332,-0.10425315797328949,0.2532009482383728,-0.040776148438453674,-0.019823569804430008,0.2834952473640442,-0.09355111420154572,-0.14722007513046265
0.2360113561153412,0.7091144323348999,1.1984156370162964,-0.23681461605906015,-0.0159905098857337,0.10201754031635299,0.026401842781310914,0.013237708687148896,0.017320972347043568,0.3393931150436401,0.009260702133178755,-0.20295252799987784,0.359571248292923,0.7455733418464661,1.087894320487976,-0.14035001,-0.016797781,0.06954645,51.0,1740111769.3007433,-0.01864137500524521,0.051070116460323334,0.14178578555583954,0.21864834427833557,-0.08778621256351471,-0.031623851507902145,0.07421824336051941,0.2689923942089081,0.11511339247226715,0.08883416652679443,0.14369036257266998,0.28082743287086487,0.15630552172660828,-0.03311610966920853,0.1432671844959259,0.013464473187923431,0.12785087525844574,0.08580924570560455,-0.10892346501350403,0.15385445952415466,-0.023699406534433365,-0.24746043980121613,-0.1610931158065796,0.0679439827799797,-0.004963301122188568,-0.0856264978647232,0.23331579566001892,-0.031096577644348145,-0.02146691456437111,0.2576463222503662,-0.082456573843956,-0.11242314428091049
0.22879379987716675,0.7081473469734192,1.2005623579025269,-0.23681461605906015,-0.0159905098857337,0.10201754031635299,0.031047821921344382,0.014377753325992544,0.02675120467817482,0.33601135611534116,0.009114432334899947,-0.20158436298370352,0.359571248292923,0.7455733418464661,1.087894320487976,-0.14035001,-0.016797781,0.06954645,52.0,1740111769.3342838,-0.01864137500524521,0.051070116460323334,0.14178578555583954,0.21864834427833557,-0.08778621256351471,-0.031623851507902145,0.07421824336051941,0.2689923942089081,0.11511339247226715,0.08883416652679443,0.14369036257266998,0.28082743287086487,0.15630552172660828,-0.03311610966920853,0.1432671844959259,0.013464473187923431,0.12785087525844574,0.08580924570560455,-0.10892346501350403,0.15385445952415466,-0.023699406534433365,-0.24746043980121613,-0.1610931158065796,0.0679439827799797,-0.004963301122188568,-0.0856264978647232,0.23331579566001892,-0.031096577644348145,-0.02146691456437111,0.2576463222503662,-0.082456573843956,-0.11242314428091049
0.21918849647045135,0.7076705098152161,1.2043646574020386,-0.1759960842237008,-0.011130283537174566,0.0747724616474789,0.027806760068603414,0.013024912973693185,0.026728331794580066,0.3287937998771667,0.008147346973419234,-0.19943764209747306,0.359571248292923,0.7455733418464661,1.087894320487976,-0.13902733,-0.015433237,0.06807464,53.0,1740111769.3806205,-0.016189172863960266,0.05209232121706009,0.14461101591587067,0.22086066007614136,-0.08861063420772552,-0.03294011950492859,0.07346424460411072,0.27219799160957336,0.11904572695493698,0.08973604440689087,0.1454300880432129,0.2844300866127014,0.15760363638401031,-0.034437794238328934,0.14790457487106323,0.013090944848954678,0.1320047527551651,0.08688817918300629,-0.11118313670158386,0.15417155623435974,-0.02644370123744011,-0.2516559660434723,-0.1632295548915863,0.06904144585132599,-0.0026087649166584015,-0.08653036504983902,0.23741839826107025,-0.03251083195209503,-0.02373659983277321,0.2594203054904938,-0.08500383794307709,-0.10975740849971771
0.2091929018497467,0.7072343230247498,1.2076297998428345,-0.1759960842237008,-0.011130283537174566,0.0747724616474789,0.034425947154842436,0.00970738957720004,0.026152640497627357,0.31918849647045133,0.007670509815216109,-0.19563534259796134,0.359571248292923,0.7455733418464661,1.087894320487976,-0.122430794,-0.0182802,0.07717335,54.0,1740111769.4234142,-0.011168630793690681,0.053605131804943085,0.144276961684227,0.21656697988510132,-0.08642548322677612,-0.035026151686906815,0.07059825956821442,0.26956433057785034,0.12455745786428452,0.08989886939525604,0.14343924820423126,0.28400328755378723,0.1560080498456955,-0.03604021668434143,0.15221649408340454,0.013720668852329254,0.1362706869840622,0.08630707859992981,-0.1100742518901825,0.14979296922683716,-0.031188778579235077,-0.2514263689517975,-0.16241291165351868,0.06890785694122314,0.0032007023692131042,-0.08491232246160507,0.23754321038722992,-0.03358519822359085,-0.02750445529818535,0.2558914124965668,-0.08667027950286865,-0.10027259588241577
0.20634561777114868,0.7074374556541443,1.209160327911377,-0.1759960842237008,-0.011130283537174566,0.0747724616474789,0.028735274314180284,0.009391542741954483,0.019237746157540963,0.3091929018497467,0.0072343230247498,-0.19237020015716544,0.359571248292923,0.7455733418464661,1.087894320487976,-0.11620401,-0.017173156,0.0762304,55.0,1740111769.4560547,-0.006375228986144066,0.05477209389209747,0.1462622731924057,0.21371892094612122,-0.08437032997608185,-0.03789297491312027,0.06780660152435303,0.26863428950309753,0.1300915628671646,0.09070087969303131,0.14429329335689545,0.28487905859947205,0.15574976801872253,-0.036039624363183975,0.15745951235294342,0.013539845123887062,0.1404925286769867,0.08546923100948334,-0.10861249268054962,0.14706557989120483,-0.03439898416399956,-0.2550986111164093,-0.16264447569847107,0.06929882615804672,0.006950274109840393,-0.08364680409431458,0.2404114305973053,-0.03421653062105179,-0.030604101717472076,0.2555474042892456,-0.08797737956047058,-0.09242399781942368
0.19640527665615082,0.707089364528656,1.2128230333328247,-0.20691733372049181,-0.006453122765351628,0.07717527444190672,0.028547276675278097,0.009624901647126247,0.013018536509850697,0.30299455523490904,0.0072924971580505815,-0.189548635482788,0.359571248292923,0.7455733418464661,1.087894320487976,-0.11620401,-0.017173156,0.0762304,56.0,1740111769.4917364,-0.006375228986144066,0.05477209389209747,0.1462622731924057,0.21371892094612122,-0.08437032997608185,-0.03789297491312027,0.06780660152435303,0.26863428950309753,0.1300915628671646,0.09070087969303131,0.14429329335689545,0.28487905859947205,0.15574976801872253,-0.036039624363183975,0.15745951235294342,0.013539845123887062,0.1404925286769867,0.08546923100948334,-0.10861249268054962,0.14706557989120483,-0.03439898416399956,-0.2550986111164093,-0.16264447569847107,0.06929882615804672,0.006950274109840393,-0.08364680409431458,0.2404114305973053,-0.03421653062105179,-0.030604101717472076,0.2555474042892456,-0.08797737956047058,-0.09242399781942368
0.18888115882873535,0.7064827680587769,1.214434027671814,-0.20691733372049181,-0.006453122765351628,0.07717527444190672,0.037972591191395365,0.01635384224552615,0.02610413391306283,0.2964052766561508,0.00708936452865605,-0.1871769666671752,0.359571248292923,0.7455733418464661,1.087894320487976,-0.113315865,-0.017014224,0.06837362,57.0,1740111769.5242107,-0.003732452169060707,0.05542445182800293,0.14616522192955017,0.2118220329284668,-0.08332204818725586,-0.038741931319236755,0.06622625887393951,0.26758524775505066,0.1330823004245758,0.0898902416229248,0.1420222818851471,0.28427448868751526,0.15459086000919342,-0.03721657395362854,0.15926119685173035,0.013657009229063988,0.14304473996162415,0.08525118231773376,-0.10918295383453369,0.1444058120250702,-0.03702366724610329,-0.25365012884140015,-0.16247449815273285,0.06851519644260406,0.011318745091557503,-0.08285441994667053,0.2403971552848816,-0.03423095494508743,-0.03182801604270935,0.2530345618724823,-0.08973273634910583,-0.08810078352689743
0.1861640363931656,0.7069305777549744,1.2162483930587769,-0.20691733372049181,-0.006453122765351628,0.07717527444190672,0.025151268455113687,0.015188235563456401,0.014320370951671687,0.28888115882873533,0.0064827680587769,-0.18556597232818595,0.359571248292923,0.7455733418464661,1.087894320487976,-0.113315865,-0.017014224,0.06837362,58.0,1740111769.5671046,-0.003732452169060707,0.05542445182800293,0.14616522192955017,0.2118220329284668,-0.08332204818725586,-0.038741931319236755,0.06622625887393951,0.26758524775505066,0.1330823004245758,0.0898902416229248,0.1420222818851471,0.28427448868751526,0.15459086000919342,-0.03721657395362854,0.15926119685173035,0.013657009229063988,0.14304473996162415,0.08525118231773376,-0.10918295383453369,0.1444058120250702,-0.03702366724610329,-0.25365012884140015,-0.16247449815273285,0.06851519644260406,0.011318745091557503,-0.08285441994667053,0.2403971552848816,-0.03423095494508743,-0.03182801604270935,0.2530345618724823,-0.08973273634910583,-0.08810078352689743
0.1765633523464203,0.7062267065048218,1.2195502519607544,-0.17935849407772433,-0.007549738242556847,0.06268544308317589,0.029258260090635674,0.015864141948202504,0.017168480893398733,0.28323537707328794,0.006460773944854781,-0.18264284133911124,0.359571248292923,0.7455733418464661,1.087894320487976,-0.11121319,-0.017860439,0.07064757,59.0,1740111769.603975,-0.0031251367181539536,0.056364286690950394,0.14126409590244293,0.20332659780979156,-0.07723134756088257,-0.04341237246990204,0.06227857992053032,0.2571890354156494,0.13425664603710175,0.08724524080753326,0.1387055516242981,0.27430763840675354,0.15132391452789307,-0.04012428969144821,0.156026229262352,0.011388392187654972,0.1416853368282318,0.08208228647708893,-0.10647916793823242,0.13666880130767822,-0.04210944473743439,-0.24882683157920837,-0.1588878184556961,0.06651880592107773,0.017107073217630386,-0.07794947922229767,0.23851346969604492,-0.03585529327392578,-0.033547744154930115,0.24114945530891418,-0.08466418087482452,-0.0782294049859047
0.16973820328712463,0.7061874270439148,1.221823811531067,-0.17935849407772433,-0.007549738242556847,0.06268544308317589,0.025295440442415103,0.017340993523777465,0.014262192855751038,0.27656335234642027,0.006226706504821822,-0.18044974803924552,0.359571248292923,0.7455733418464661,1.087894320487976,-0.10491817,-0.019050669,0.07158749,60.0,1740111769.6354487,-0.0014192480593919754,0.05751261115074158,0.1413443237543106,0.20196880400180817,-0.07646401226520538,-0.045160435140132904,0.0603950172662735,0.2563527524471283,0.13710065186023712,0.08655145764350891,0.13830703496932983,0.2732405364513397,0.15036047995090485,-0.041177306324243546,0.15753725171089172,0.010792719200253487,0.1436464786529541,0.08162423968315125,-0.10677008330821991,0.1341066062450409,-0.04456019774079323,-0.24904485046863556,-0.15834669768810272,0.06596387177705765,0.019976641982793808,-0.07684136182069778,0.23955784738063812,-0.03615327179431915,-0.035411614924669266,0.2385878562927246,-0.08510048687458038,-0.07385364919900894
0.15992209315299988,0.7057417631149292,1.2253109216690063,-0.17935849407772433,-0.007549738242556847,0.06268544308317589,0.025650758844768907,0.01431227971111862,0.011501731407741694,0.26644969582557676,0.006069886684417769,-0.1770054340362548,0.359571248292923,0.7455733418464661,1.087894320487976,-0.10491817,-0.019050669,0.07158749,61.0,1740111769.6744137,-0.0014192480593919754,0.05751261115074158,0.1413443237543106,0.20196880400180817,-0.07646401226520538,-0.045160435140132904,0.0603950172662735,0.2563527524471283,0.13710065186023712,0.08655145764350891,0.13830703496932983,0.2732405364513397,0.15036047995090485,-0.041177306324243546,0.15753725171089172,0.010792719200253487,0.1436464786529541,0.08162423968315125,-0.10677008330821991,0.1341066062450409,-0.04456019774079323,-0.24904485046863556,-0.15834669768810272,0.06596387177705765,0.019976641982793808,-0.07684136182069778,0.23955784738063812,-0.03615327179431915,-0.035411614924669266,0.2385878562927246,-0.08510048687458038,-0.07385364919900894
0.15672528743743896,0.7055602073669434,1.226535677909851,-0.21867403831025803,-0.007428512429200755,0.07571094241661422,0.024823722129498717,0.014096802176395905,0.012316559019770305,0.25992209315299986,0.005741763114929244,-0.17468907833099356,0.359571248292923,0.7455733418464661,1.087894320487976,-0.09948114,-0.019700244,0.0741457,62.0,1740111769.704553,-0.0009790118783712387,0.057714007794857025,0.14363038539886475,0.20511528849601746,-0.0784267783164978,-0.0454043447971344,0.06127840653061867,0.2603929340839386,0.1396748423576355,0.08726143836975098,0.14056992530822754,0.2772802412509918,0.15354245901107788,-0.04237145557999611,0.1603333055973053,0.01119290478527546,0.1466970443725586,0.0838058739900589,-0.10947944223880768,0.13656079769134521,-0.046049509197473526,-0.25297442078590393,-0.16113366186618805,0.06792788207530975,0.02075829729437828,-0.07869042456150055,0.24358241260051727,-0.037970706820487976,-0.035647306591272354,0.24168351292610168,-0.08699670433998108,-0.07468502968549728
0.14708104729652405,0.7050517797470093,1.2304373979568481,-0.21867403831025803,-0.007428512429200755,0.07571094241661422,0.025400055520765814,0.007889031527622862,0.01194278835621535,0.2538158059120178,0.005096960067749068,-0.17220499515533438,0.359571248292923,0.7455733418464661,1.087894320487976,-0.08994734,-0.02053009,0.061248332,63.0,1740111769.7396276,0.0028981082141399384,0.05938148498535156,0.14458511769771576,0.20101505517959595,-0.07538028061389923,-0.048772722482681274,0.05645450949668884,0.25876832008361816,0.14534494280815125,0.08529345691204071,0.1402847170829773,0.274728387594223,0.15287458896636963,-0.04310765489935875,0.1637052595615387,0.009611179120838642,0.1512770801782608,0.0821099728345871,-0.10964453220367432,0.13044780492782593,-0.050976816564798355,-0.2546221911907196,-0.16081686317920685,0.06763064116239548,0.02673362009227276,-0.07681314647197723,0.2459254115819931,-0.03876049816608429,-0.039094749838113785,0.23660624027252197,-0.08786161243915558,-0.064568892121315
0.143747478723526,0.7049210667610168,1.2316409349441528,-0.21867403831025803,-0.007428512429200755,0.07571094241661422,0.025746808859650316,0.005508689185124162,0.012187378568966614,0.24708104729652405,0.005051779747009322,-0.16956260204315177,0.359571248292923,0.7455733418464661,1.087894320487976,-0.079358146,-0.020416096,0.06644228,64.0,1740111769.7691863,0.002298666164278984,0.0594819113612175,0.14235778152942657,0.19779089093208313,-0.07302522659301758,-0.051288604736328125,0.05501699075102806,0.2541966140270233,0.14435219764709473,0.085030198097229,0.14021305739879608,0.2708810865879059,0.1515117883682251,-0.04370995983481407,0.16169218719005585,0.007722906768321991,0.14960582554340363,0.08032664656639099,-0.10682980716228485,0.12785369157791138,-0.05226178094744682,-0.25439468026161194,-0.1583661586046219,0.06756216287612915,0.02565518021583557,-0.07472356408834457,0.24498963356018066,-0.03966914117336273,-0.04060464724898338,0.23234251141548157,-0.08369791507720947,-0.06097780540585518
0.1374882012605667,0.7046793699264526,1.2344088554382324,-0.21867403831025803,-0.007428512429200755,0.07571094241661422,0.025215302499930665,0.003986478990505959,0.009717200612553677,0.2406911611557007,0.004765915870666548,-0.16693081855773917,0.359571248292923,0.7455733418464661,1.087894320487976,-0.079358146,-0.020416096,0.06644228,65.0,1740111769.8050594,0.002298666164278984,0.0594819113612175,0.14235778152942657,0.19779089093208313,-0.07302522659301758,-0.051288604736328125,0.05501699075102806,0.2541966140270233,0.14435219764709473,0.085030198097229,0.14021305739879608,0.2708810865879059,0.1515117883682251,-0.04370995983481407,0.16169218719005585,0.007722906768321991,0.14960582554340363,0.08032664656639099,-0.10682980716228485,0.12785369157791138,-0.05226178094744682,-0.25439468026161194,-0.1583661586046219,0.06756216287612915,0.02565518021583557,-0.07472356408834457,0.24498963356018066,-0.03966914117336273,-0.04060464724898338,0.23234251141548157,-0.08369791507720947,-0.06097780540585518
0.12799176573753357,0.7043036818504333,1.2383617162704468,-0.18884928865281153,-0.00868458550133949,0.0775628696664034,0.024754784833249197,0.0032142663510924927,0.010543939971670427,0.23432179391384125,0.004529941082000777,-0.16426291465759268,0.359571248292923,0.7455733418464661,1.087894320487976,-0.08286336,-0.021605872,0.07041659,66.0,1740111769.840405,0.005263341590762138,0.06051846593618393,0.14026401937007904,0.19097156822681427,-0.06926766037940979,-0.05330703407526016,0.05067926272749901,0.24928490817546844,0.14675427973270416,0.08283884823322296,0.13588692247867584,0.2650214433670044,0.14843948185443878,-0.04392244666814804,0.16141003370285034,0.006234725005924702,0.15118785202503204,0.07795289158821106,-0.10450384020805359,0.12061341851949692,-0.055704403668642044,-0.2508944571018219,-0.1553744077682495,0.06581690162420273,0.03046855702996254,-0.07204248756170273,0.2430606335401535,-0.03930387645959854,-0.04256053641438484,0.22480732202529907,-0.08312055468559265,-0.05231994763016701
0.11251761019229889,0.7042802572250366,1.2451001405715942,-0.19733204921857886,-0.0011910600851420463,0.08110160855610898,0.022367101715421132,0.0023816112522659218,0.009613943790674925,0.22799176573753357,0.004303681850433394,-0.16163828372955313,0.359571248292923,0.7455733418464661,1.087894320487976,-0.07537284,-0.0230975,0.070726894,67.0,1740111769.9334867,0.007851170375943184,0.060949020087718964,0.1414215862751007,0.19096000492572784,-0.07030394673347473,-0.05403653532266617,0.049624912440776825,0.2510482370853424,0.1501665860414505,0.0824175775051117,0.1355838179588318,0.2669503390789032,0.14923687279224396,-0.044203635305166245,0.1648048460483551,0.006856732070446014,0.15480870008468628,0.07876372337341309,-0.10586881637573242,0.11983481794595718,-0.05765167996287346,-0.2522719204425812,-0.15628845989704132,0.06635570526123047,0.03272802010178566,-0.07268162816762924,0.24491676688194275,-0.039210714399814606,-0.043676938861608505,0.22518038749694824,-0.08581173419952393,-0.049648184329271317
0.10637722909450531,0.7044609189033508,1.247758388519287,-0.19733204921857886,-0.0011910600851420463,0.08110160855610898,0.02147789990784448,0.001778983780635537,0.009017054914480741,0.2125176101922989,0.0042802572250366655,-0.15489985942840567,0.359571248292923,0.7455733418464661,1.087894320487976,-0.060824607,-0.016610947,0.05030597,68.0,1740111769.9659967,0.013538500294089317,0.06214163824915886,0.13456371426582336,0.16892030835151672,-0.05468551814556122,-0.06150510907173157,0.039309583604335785,0.22840310633182526,0.15211214125156403,0.07777316868305206,0.1274520754814148,0.24507954716682434,0.14017239212989807,-0.04391966387629509,0.15992918610572815,0.003272326895967126,0.15199710428714752,0.06730850040912628,-0.0943097472190857,0.10078749805688858,-0.06380006670951843,-0.24262163043022156,-0.14719891548156738,0.060206346213817596,0.04424325004220009,-0.06135798245668411,0.23739075660705566,-0.038485221564769745,-0.04770653322339058,0.20266780257225037,-0.0768403559923172,-0.02674916386604309
0.1004030704498291,0.70473712682724,1.250434398651123,-0.19733204921857886,-0.0011910600851420463,0.08110160855610898,0.0229784687035297,0.00020849147849408812,0.0062795179136031715,0.20637722909450532,0.0044609189033508745,-0.1522416114807128,0.359571248292923,0.7455733418464661,1.087894320487976,-0.060824607,-0.016610947,0.05030597,69.0,1740111770.0007713,0.013538500294089317,0.06214163824915886,0.13456371426582336,0.16892030835151672,-0.05468551814556122,-0.06150510907173157,0.039309583604335785,0.22840310633182526,0.15211214125156403,0.07777316868305206,0.1274520754814148,0.24507954716682434,0.14017239212989807,-0.04391966387629509,0.15992918610572815,0.003272326895967126,0.15199710428714752,0.06730850040912628,-0.0943097472190857,0.10078749805688858,-0.06380006670951843,-0.24262163043022156,-0.14719891548156738,0.060206346213817596,0.04424325004220009,-0.06135798245668411,0.23739075660705566,-0.038485221564769745,-0.04770653322339058,0.20266780257225037,-0.0768403559923172,-0.02674916386604309
0.09441347420215607,0.7050690650939941,1.2528314590454102,-0.18349547923967846,0.0059961957867034925,0.08172110252702251,0.022176915495759234,0.000976995418562418,0.007227177812378621,0.2004030704498291,0.004737126827240035,-0.14956560134887686,0.359571248292923,0.7455733418464661,1.087894320487976,-0.052558586,-0.02117268,0.0629216,70.0,1740111770.033314,0.014375714585185051,0.06190258264541626,0.13242845237255096,0.16433779895305634,-0.05236523598432541,-0.062034767121076584,0.0383957140147686,0.22293147444725037,0.1523156613111496,0.07651370763778687,0.1249208003282547,0.2405283898115158,0.1378747522830963,-0.043680835515260696,0.15812180936336517,0.003591004991903901,0.15070444345474243,0.06558966636657715,-0.09112216532230377,0.09790178388357162,-0.06378230452537537,-0.23924526572227478,-0.14448468387126923,0.05812181532382965,0.04573770985007286,-0.05940743535757065,0.23432783782482147,-0.03719407320022583,-0.04720241203904152,0.1989293098449707,-0.07590106129646301,-0.02380535379052162
0.08788707107305527,0.7054163217544556,1.254695177078247,-0.18349547923967846,0.0059961957867034925,0.08172110252702251,0.0322831773093171,-0.08935846141230933,-0.053497572569226944,0.19441347420215607,0.005069065093994185,-0.14716854095458975,0.359571248292923,0.7455733418464661,1.087894320487976,-0.06343897,-0.015996218,0.051253445,71.0,1740111770.0616791,0.016825830563902855,0.061791155487298965,0.13031990826129913,0.15778771042823792,-0.04892753064632416,-0.06319024413824081,0.037122927606105804,0.21663451194763184,0.1548878699541092,0.07455317676067352,0.12127423286437988,0.2356642782688141,0.13658738136291504,-0.04543687403202057,0.15769025683403015,0.004256783053278923,0.1516236811876297,0.06417723000049591,-0.0889546275138855,0.09297170490026474,-0.06724631041288376,-0.23474626243114471,-0.14251801371574402,0.05672389268875122,0.05157320946455002,-0.05705869942903519,0.23224054276943207,-0.03799095004796982,-0.04722928628325462,0.1930956244468689,-0.07604925334453583,-0.016654688864946365
0.0831921249628067,0.7059134244918823,1.256900429725647,-0.18349547923967846,0.0059961957867034925,0.08172110252702251,0.02613667887203305,0.006636760295648677,0.007994891411204602,0.18553865551948548,0.005952346324920699,-0.14410712718963614,0.359571248292923,0.7455733418464661,1.087894320487976,-0.06212833,-0.013410602,0.044919033,72.0,1740111770.0936606,0.016846274957060814,0.06087668985128403,0.13009586930274963,0.15892259776592255,-0.05096335709095001,-0.06267455965280533,0.0387539379298687,0.21736325323581696,0.15548646450042725,0.07419368624687195,0.1210239827632904,0.23766100406646729,0.13827726244926453,-0.04626511037349701,0.15828774869441986,0.006022049114108086,0.15250900387763977,0.06601899862289429,-0.09037216007709503,0.09509124606847763,-0.06756529957056046,-0.23423980176448822,-0.14353567361831665,0.057119160890579224,0.05136970058083534,-0.05834659934043884,0.23293302953243256,-0.03809010982513428,-0.04542180523276329,0.19478443264961243,-0.07781803607940674,-0.018354959785938263
0.07692388445138931,0.7067763209342957,1.2583845853805542,-0.17475149007687416,0.017058461992915285,0.05548541249282357,0.021341276694237386,0.012317132836335032,0.005081322313829147,0.1831921249628067,0.005913424491882369,-0.14309957027435294,0.359571248292923,0.7455733418464661,1.087894320487976,-0.056648657,-0.014089752,0.04577829,73.0,1740111770.1279218,0.019089488312602043,0.061050817370414734,0.13066118955612183,0.15667876601219177,-0.05051878094673157,-0.062407881021499634,0.03857002407312393,0.2163206785917282,0.15830284357070923,0.07341091334819794,0.11890973150730133,0.23751574754714966,0.13792213797569275,-0.04671252518892288,0.16038256883621216,0.007475355640053749,0.15433216094970703,0.06582987308502197,-0.08993031084537506,0.09328547865152359,-0.06939451396465302,-0.23258329927921295,-0.14312484860420227,0.056436166167259216,0.055375974625349045,-0.05820576101541519,0.232453390955925,-0.037880197167396545,-0.04587988182902336,0.19423925876617432,-0.08004774153232574,-0.015267170034348965
0.07183364033699036,0.7070686221122742,1.2598615884780884,-0.17475149007687416,0.017058461992915285,0.05548541249282357,0.026793029746175062,0.011092172866753822,0.005572955681697085,0.17692388445138932,0.006776320934295699,-0.1416154146194457,0.359571248292923,0.7455733418464661,1.087894320487976,-0.056648657,-0.014089752,0.04577829,74.0,1740111770.1635947,0.019089488312602043,0.061050817370414734,0.13066118955612183,0.15667876601219177,-0.05051878094673157,-0.062407881021499634,0.03857002407312393,0.2163206785917282,0.15830284357070923,0.07341091334819794,0.11890973150730133,0.23751574754714966,0.13792213797569275,-0.04671252518892288,0.16038256883621216,0.007475355640053749,0.15433216094970703,0.06582987308502197,-0.08993031084537506,0.09328547865152359,-0.06939451396465302,-0.23258329927921295,-0.14312484860420227,0.056436166167259216,0.055375974625349045,-0.05820576101541519,0.232453390955925,-0.037880197167396545,-0.04587988182902336,0.19423925876617432,-0.08004774153232574,-0.015267170034348965
0.06590493023395538,0.7080512046813965,1.261032223701477,-0.17475149007687416,0.017058461992915285,0.05548541249282357,0.020855362742124496,0.014560954977071409,0.003241570736389069,0.16841465830802918,0.0076617479324341264,-0.1396014928817748,0.359571248292923,0.7455733418464661,1.087894320487976,-0.040659033,-0.012994535,0.049225137,75.0,1740111770.1989856,0.02108129672706127,0.061444930732250214,0.13330796360969543,0.15723490715026855,-0.05099023878574371,-0.06270931661128998,0.038073811680078506,0.21934404969215393,0.16155871748924255,0.07310575246810913,0.11921599507331848,0.23983173072338104,0.13991007208824158,-0.04710434377193451,0.16410250961780548,0.008558027446269989,0.1573830246925354,0.06653100252151489,-0.0922587662935257,0.0934264287352562,-0.07151585072278976,-0.2340155690908432,-0.14519232511520386,0.05706223100423813,0.058650679886341095,-0.05920439213514328,0.2352123260498047,-0.038323789834976196,-0.04616277292370796,0.19615289568901062,-0.08341938257217407,-0.013459223322570324
0.06047700345516205,0.7085475921630859,1.2621978521347046,-0.1642414573665928,0.0176882272130968,0.03807995504879634,0.02073650933170049,0.015124168469544497,0.0006893736989676174,0.1659049302339554,0.008051204681396529,-0.13896777629852286,0.359571248292923,0.7455733418464661,1.087894320487976,-0.044623468,-0.009218689,0.03917823,76.0,1740111770.2339785,0.024350138381123543,0.06163988262414932,0.1324891746044159,0.15342693030834198,-0.050879523158073425,-0.06703062355518341,0.03603256866335869,0.21512320637702942,0.1662108451128006,0.07246452569961548,0.11889757215976715,0.2388906329870224,0.13978560268878937,-0.04909650236368179,0.16795788705348969,0.009138567373156548,0.1606019139289856,0.0656220018863678,-0.09049095213413239,0.0907169058918953,-0.0764831006526947,-0.23550407588481903,-0.1432046890258789,0.057240501046180725,0.061042606830596924,-0.05791059136390686,0.23707717657089233,-0.03878477215766907,-0.04986682906746864,0.19349882006645203,-0.08308370411396027,-0.0050257546827197075
0.05518166720867157,0.7091387510299683,1.2634053230285645,-0.1642414573665928,0.0176882272130968,0.03807995504879634,0.02103187115858748,0.014949558645052347,-0.0006643265268128139,0.16047700345516205,0.008547592163085982,-0.13780214786529532,0.359571248292923,0.7455733418464661,1.087894320487976,-0.044623468,-0.009218689,0.03917823,77.0,1740111770.2632663,0.024350138381123543,0.06163988262414932,0.1324891746044159,0.15342693030834198,-0.050879523158073425,-0.06703062355518341,0.03603256866335869,0.21512320637702942,0.1662108451128006,0.07246452569961548,0.11889757215976715,0.2388906329870224,0.13978560268878937,-0.04909650236368179,0.16795788705348969,0.009138567373156548,0.1606019139289856,0.0656220018863678,-0.09049095213413239,0.0907169058918953,-0.0764831006526947,-0.23550407588481903,-0.1432046890258789,0.057240501046180725,0.061042606830596924,-0.05791059136390686,0.23707717657089233,-0.03878477215766907,-0.04986682906746864,0.19349882006645203,-0.08308370411396027,-0.0050257546827197075
0.05005982145667076,0.7096467614173889,1.2645082473754883,-0.1642414573665928,0.0176882272130968,0.03807995504879634,0.020545863556165164,0.01444053743583069,-0.00018434968594221424,0.1526852533221245,0.00941257476806645,-0.1360597848892211,0.359571248292923,0.7455733418464661,1.087894320487976,-0.046994023,-0.010617342,0.046016067,78.0,1740111770.295152,0.02951732464134693,0.0635022446513176,0.1328410655260086,0.14789451658725739,-0.04569396376609802,-0.07084780931472778,0.032074492424726486,0.20914794504642487,0.1732635498046875,0.07233302295207977,0.11699272692203522,0.23683641850948334,0.13782939314842224,-0.051217563450336456,0.17304034531116486,0.009370235726237297,0.16530972719192505,0.06278496980667114,-0.0879749059677124,0.08492614328861237,-0.08356243371963501,-0.2361268550157547,-0.1425590217113495,0.05679851025342941,0.07050257921218872,-0.054501891136169434,0.23794013261795044,-0.04070841521024704,-0.05592728778719902,0.18723872303962708,-0.08353476226329803,0.007026540115475655
0.04135094955563545,0.7095792293548584,1.2654913663864136,-0.15963894270186582,0.008610739644028401,0.02748989078867768,0.00891654642845762,0.018276802524149354,0.0091761169323085,0.15005982145667077,0.00964676141738896,-0.13549175262451163,0.359571248292923,0.7455733418464661,1.087894320487976,-0.046994023,-0.010617342,0.046016067,79.0,1740111770.3429382,0.02951732464134693,0.0635022446513176,0.1328410655260086,0.14789451658725739,-0.04569396376609802,-0.07084780931472778,0.032074492424726486,0.20914794504642487,0.1732635498046875,0.07233302295207977,0.11699272692203522,0.23683641850948334,0.13782939314842224,-0.051217563450336456,0.17304034531116486,0.009370235726237297,0.16530972719192505,0.06278496980667114,-0.0879749059677124,0.08492614328861237,-0.08356243371963501,-0.2361268550157547,-0.1425590217113495,0.05679851025342941,0.07050257921218872,-0.054501891136169434,0.23794013261795044,-0.04070841521024704,-0.05592728778719902,0.18723872303962708,-0.08353476226329803,0.007026540115475655
0.037704385817050934,0.7107864618301392,1.26764976978302,-0.15963894270186582,0.008610739644028401,0.02748989078867768,0.02036831707800756,0.015135619656275447,-0.003981610211658141,0.14135094955563546,0.009579229354858443,-0.13450863361358634,0.359571248292923,0.7455733418464661,1.087894320487976,-0.02155374,-0.012477912,0.04878421,80.0,1740111770.3820121,0.03128489851951599,0.06407247483730316,0.13159456849098206,0.14356565475463867,-0.044328026473522186,-0.07150658965110779,0.029939496889710426,0.20534531772136688,0.17541301250457764,0.06871767342090607,0.11249533295631409,0.2325492948293686,0.13653132319450378,-0.052294619381427765,0.17324873805046082,0.010635161772370338,0.16602416336536407,0.0614822618663311,-0.08855132758617401,0.08032956719398499,-0.08633953332901001,-0.23051758110523224,-0.14157380163669586,0.05442947894334793,0.07692699879407883,-0.053134217858314514,0.23677904903888702,-0.04026257246732712,-0.05542754754424095,0.18244540691375732,-0.08434417843818665,0.011695434339344501
0.03077312931418419,0.7114166617393494,1.2693452835083008,-0.15963894270186582,0.008610739644028401,0.02748989078867768,0.01826940604606564,0.016368954814423874,-0.0033575682121415964,0.13770438581705094,0.010786461830139205,-0.1323502302169799,0.359571248292923,0.7455733418464661,1.087894320487976,-0.029240958,-0.01621062,0.06309946,81.0,1740111770.418925,0.022040383890271187,0.06108658015727997,0.13762766122817993,0.17381145060062408,-0.0636448785662651,-0.06604903191328049,0.044926468282938004,0.2302154153585434,0.17214664816856384,0.07389697432518005,0.12292717397212982,0.2587830722332001,0.15202930569648743,-0.057811930775642395,0.17765700817108154,0.014445329084992409,0.169096902012825,0.07678720355033875,-0.1067194938659668,0.10743429511785507,-0.08388914167881012,-0.24306030571460724,-0.15538708865642548,0.06443065404891968,0.06329230219125748,-0.06646225601434708,0.25051045417785645,-0.04684465378522873,-0.04984575882554054,0.20642945170402527,-0.09139367938041687,-0.018239323049783707
0.028630908578634262,0.7114989161491394,1.2698347568511963,-0.12713112014754838,0.019186410871683914,0.043410244984618464,0.02130100645547777,0.014052283359651974,-0.00289449302388717,0.1307731293141842,0.01141666173934941,-0.13065471649169913,0.359571248292923,0.7455733418464661,1.087894320487976,-0.035965964,-0.016753584,0.06359921,82.0,1740111770.4441586,0.01972111128270626,0.060177020728588104,0.13604123890399933,0.17662937939167023,-0.06602762639522552,-0.06562873721122742,0.04718531668186188,0.230561763048172,0.17036287486553192,0.07437221705913544,0.12411482632160187,0.2604566216468811,0.15334393084049225,-0.05866958945989609,0.1758941411972046,0.015142669901251793,0.16771124303340912,0.07858169078826904,-0.10768488049507141,0.11108338087797165,-0.08275547623634338,-0.24314317107200623,-0.15603336691856384,0.06524926424026489,0.06003923714160919,-0.06745704263448715,0.2503906786441803,-0.0472116619348526,-0.04817977920174599,0.2079879641532898,-0.0905846357345581,-0.022440966218709946
0.02425849810242653,0.7119391560554504,1.2707687616348267,-0.12713112014754838,0.019186410871683914,0.043410244984618464,0.01992982389013396,0.013314978711139914,-0.00428100643352743,0.12863090857863427,0.011498916149139449,-0.13016524314880362,0.359571248292923,0.7455733418464661,1.087894320487976,-0.035965964,-0.016753584,0.06359921,83.0,1740111770.4785316,0.01972111128270626,0.060177020728588104,0.13604123890399933,0.17662937939167023,-0.06602762639522552,-0.06562873721122742,0.04718531668186188,0.230561763048172,0.17036287486553192,0.07437221705913544,0.12411482632160187,0.2604566216468811,0.15334393084049225,-0.05866958945989609,0.1758941411972046,0.015142669901251793,0.16771124303340912,0.07858169078826904,-0.10768488049507141,0.11108338087797165,-0.08275547623634338,-0.24314317107200623,-0.15603336691856384,0.06524926424026489,0.06003923714160919,-0.06745704263448715,0.2503906786441803,-0.0472116619348526,-0.04817977920174599,0.2079879641532898,-0.0905846357345581,-0.022440966218709946
0.018143605440855026,0.7124706506729126,1.2720180749893188,-0.12713112014754838,0.019186410871683914,0.043410244984618464,0.018676329370916914,0.011792554024844006,-0.0014522110483528976,0.12425849810242653,0.011939156055450484,-0.12923123836517325,0.359571248292923,0.7455733418464661,1.087894320487976,-0.033528477,-0.017674148,0.0668731,84.0,1740111770.5306304,0.01921902783215046,0.060084812343120575,0.13541528582572937,0.17844247817993164,-0.06812489032745361,-0.06494268774986267,0.04821363091468811,0.23199428617954254,0.1708516925573349,0.07265605032444,0.12201280891895294,0.2619706988334656,0.15407712757587433,-0.060594767332077026,0.1760888397693634,0.016287537291646004,0.16886581480503082,0.08016285300254822,-0.11095792055130005,0.11164120584726334,-0.08465999364852905,-0.24071791768074036,-0.15706826746463776,0.06531316041946411,0.06249706447124481,-0.06841253489255905,0.25067442655563354,-0.04838884621858597,-0.04756123945116997,0.2078026831150055,-0.09230822324752808,-0.023988589644432068
0.011954765766859055,0.7128777503967285,1.2732642889022827,-0.12324838509597343,0.01139148725219027,0.024601442728675274,0.01876278526963766,0.013597760832350347,0.0005699892273039734,0.11814360544085503,0.012470650672912642,-0.12798192501068106,0.359571248292923,0.7455733418464661,1.087894320487976,-0.022127926,-0.014869735,0.058388367,85.0,1740111770.5689685,0.022296452894806862,0.061260245740413666,0.13256023824214935,0.16899874806404114,-0.061815254390239716,-0.06844985485076904,0.04214209318161011,0.2229030728340149,0.17394454777240753,0.0690782368183136,0.11807268857955933,0.2533412575721741,0.1501927673816681,-0.06082960218191147,0.17494402825832367,0.014828011393547058,0.16980496048927307,0.07533958554267883,-0.10698071122169495,0.10179344564676285,-0.08852537721395493,-0.2368127852678299,-0.15309876203536987,0.06227701157331467,0.06932830810546875,-0.06359785050153732,0.24805818498134613,-0.04808662831783295,-0.05000120773911476,0.19723740220069885,-0.089871346950531,-0.012571568600833416
0.009725037962198257,0.7131235599517822,1.2736049890518188,-0.12324838509597343,0.01139148725219027,0.024601442728675274,0.013190012678451508,0.016024330665129694,0.002674995255570015,0.11195476576685906,0.01287775039672856,-0.1267357110977172,0.359571248292923,0.7455733418464661,1.087894320487976,-0.025743783,-0.015516005,0.059573647,86.0,1740111770.6051111,0.019732175394892693,0.06099746376276016,0.12855881452560425,0.1673005223274231,-0.06126018613576889,-0.06970267742872238,0.042266596108675,0.21771180629730225,0.16990222036838531,0.06905640661716461,0.11780302226543427,0.24950700998306274,0.14758586883544922,-0.06112226843833923,0.17022602260112762,0.013312051072716713,0.16558390855789185,0.07434110343456268,-0.1036171019077301,0.1009659692645073,-0.08737003803253174,-0.2348763346672058,-0.14943797886371613,0.06136343628168106,0.06467097997665405,-0.061957843601703644,0.2449498176574707,-0.047281816601753235,-0.05004851892590523,0.19386613368988037,-0.08493749797344208,-0.01225904282182455
0.004508249461650848,0.7135982513427734,1.2752571105957031,-0.12324838509597343,0.01139148725219027,0.024601442728675274,0.0173107411673429,0.017142071929939804,0.004717655130752548,0.10972503796219826,0.013123559951782271,-0.12639501094818106,0.359571248292923,0.7455733418464661,1.087894320487976,-0.016669475,-0.01595473,0.06343143,87.0,1740111770.6385098,0.020451048389077187,0.06123983860015869,0.1286492794752121,0.16774988174438477,-0.0623549222946167,-0.06982497125864029,0.042196694761514664,0.2189178317785263,0.171547994017601,0.06716153025627136,0.11591020226478577,0.25100722908973694,0.1484309583902359,-0.06305640935897827,0.17167940735816956,0.014108724892139435,0.1676120012998581,0.07543645799160004,-0.10594446957111359,0.1000751480460167,-0.0905250534415245,-0.23364995419979095,-0.15026900172233582,0.06145709007978439,0.06837601959705353,-0.06277026981115341,0.24557995796203613,-0.04862745851278305,-0.05058087781071663,0.19322797656059265,-0.08691276609897614,-0.011008943431079388
0.0009348019957542419,0.713946521282196,1.276465654373169,-0.11773632606312083,0.009139904377208678,0.02756492037548046,0.016246189445890034,0.01731761860013822,0.004396606526891298,0.10450824946165085,0.013598251342773482,-0.12474288940429679,0.359571248292923,0.7455733418464661,1.087894320487976,-0.0014460906,-0.014426306,0.061089873,88.0,1740111770.6721287,0.02275136671960354,0.06248962879180908,0.12817546725273132,0.16371767222881317,-0.05975903570652008,-0.07268690317869186,0.038886383175849915,0.21495139598846436,0.1744147390127182,0.06613051891326904,0.11518076062202454,0.24769651889801025,0.14626061916351318,-0.06383762508630753,0.1730448305606842,0.013036658987402916,0.16898088157176971,0.07329560816287994,-0.10399220883846283,0.09528785198926926,-0.09346102178096771,-0.23359015583992004,-0.14828838407993317,0.060339733958244324,0.07179169356822968,-0.06049734354019165,0.24553459882736206,-0.04844328761100769,-0.053551387041807175,0.18898656964302063,-0.08598591387271881,-0.0033752797171473503
-0.0009311549365520477,0.7140656113624573,1.2770274877548218,-0.11773632606312083,0.009139904377208678,0.02756492037548046,0.01706556669456646,0.016738802129817577,0.004523541006365406,0.10093480199575425,0.01394652128219609,-0.12353434562683097,0.359571248292923,0.7455733418464661,1.087894320487976,-0.0014460906,-0.014426306,0.061089873,89.0,1740111770.7051663,0.02275136671960354,0.06248962879180908,0.12817546725273132,0.16371767222881317,-0.05975903570652008,-0.07268690317869186,0.038886383175849915,0.21495139598846436,0.1744147390127182,0.06613051891326904,0.11518076062202454,0.24769651889801025,0.14626061916351318,-0.06383762508630753,0.1730448305606842,0.013036658987402916,0.16898088157176971,0.07329560816287994,-0.10399220883846283,0.09528785198926926,-0.09346102178096771,-0.23359015583992004,-0.14828838407993317,0.060339733958244324,0.07179169356822968,-0.06049734354019165,0.24553459882736206,-0.04844328761100769,-0.053551387041807175,0.18898656964302063,-0.08598591387271881,-0.0033752797171473503
-0.005882792174816132,0.71440190076828,1.2791038751602173,-0.11773632606312083,0.009139904377208678,0.02756492037548046,0.01877135217398612,0.014204529576726112,0.0026597450358581665,0.09906884506344796,0.01406561136245732,-0.12297251224517813,0.359571248292923,0.7455733418464661,1.087894320487976,0.009372503,-0.013134621,0.05922355,90.0,1740111770.7397237,0.02076643891632557,0.062061987817287445,0.12559854984283447,0.1639263778924942,-0.06135538965463638,-0.07307226955890656,0.039675552397966385,0.21392129361629486,0.17156952619552612,0.06534843146800995,0.11420616507530212,0.24693676829338074,0.1458345651626587,-0.0647248700261116,0.17045792937278748,0.01245907973498106,0.16709564626216888,0.07382199168205261,-0.10383938252925873,0.09568468481302261,-0.09366632252931595,-0.23201969265937805,-0.14711256325244904,0.060570962727069855,0.06920158863067627,-0.06062139570713043,0.24407051503658295,-0.04901126027107239,-0.05318683758378029,0.1876068413257599,-0.08367891609668732,-0.004697623662650585
-0.009208135306835175,0.7148391008377075,1.2804515361785889,-0.10345386930240723,0.009985890797809281,0.044179574816699575,0.016698986617818552,0.012482667912482162,0.0026423360479126334,0.09411720782518387,0.014401900768280074,-0.12089612483978263,0.359571248292923,0.7455733418464661,1.087894320487976,0.015497953,-0.011580173,0.052512635,91.0,1740111770.7728214,0.02575545944273472,0.06493233144283295,0.11278966069221497,0.12984560430049896,-0.03796974569559097,-0.0826057642698288,0.023005951195955276,0.17904318869113922,0.1688879281282425,0.05994119122624397,0.10416321456432343,0.21273928880691528,0.12721191346645355,-0.06064548343420029,0.15823772549629211,0.00451893825083971,0.15792375802993774,0.056424204260110855,-0.08073386549949646,0.0660153329372406,-0.09670277684926987,-0.21729342639446259,-0.12872649729251862,0.05025169998407364,0.07687222212553024,-0.04370029270648956,0.22732269763946533,-0.0443391427397728,-0.060079094022512436,0.15493768453598022,-0.06683619320392609,0.028169728815555573
