mav_pos_x,mav_pos_y,mav_pos_z,mav_vel_x,mav_vel_y,mav_vel_z,mav_yaw,mav_pitch,mav_roll,mav_yaw_rate,mav_pitch_rate,mav_roll_rate,delta_u,delta_v,init_pos_x,init_pos_y,init_pos_z,index_image,timestamp,encoding_1,encoding_2,encoding_3,encoding_4,encoding_5,encoding_6,encoding_7,encoding_8,encoding_9,encoding_10,encoding_11,encoding_12,encoding_13,encoding_14,encoding_15,encoding_16,encoding_17,encoding_18,encoding_19,encoding_20,encoding_21,encoding_22,encoding_23,encoding_24,encoding_25,encoding_26,encoding_27,encoding_28,encoding_29,encoding_30,encoding_31,encoding_32
-0.01485990546643734,-7.062281608581543,-5.268809795379639,-0.0011935969814658165,0.2639259696006775,0.08582306653261185,0.0004705171741079539,-0.0010779338190332055,-0.0005322253564372659,0.0014277296140789986,0.0006946456851437688,0.0013029369292780757,-7.064193248748779,3.7301993370056152,-0.014202146790921688,-7.066483020782471,-5.2709245681762695,2.0,1724388899.5084178,-0.116276815533638,-0.1405760794878006,0.04653409868478775,0.14692534506320953,-0.2049117088317871,-0.5186992287635803,2.687755823135376,-1.8306362628936768,0.04078802466392517,0.09124144911766052,-2.840501546859741,1.8699949979782104,0.10778055340051651,0.030898697674274445,0.004393968731164932,-0.10740973055362701,1.9596575498580933,0.09611773490905762,0.12247607111930847,2.0493969917297363,2.1653363704681396,-0.045091621577739716,0.07371432334184647,0.006440073251724243,2.112194538116455,-0.08717051148414612,0.032147545367479324,0.08144991099834442,0.2037821114063263,2.3634450435638428,-0.8232256770133972,-0.010112755000591278
-0.015417980961501598,-7.057501792907715,-5.266637802124023,0.0007375082350336015,0.26112136244773865,0.08285185694694519,0.0003459155559539795,-0.0011214064434170723,-0.0003701223467942327,-0.003853668924421072,0.0013150894083082676,0.003827992593869567,-7.059963226318359,3.7322826385498047,-0.014202146790921688,-7.066483020782471,-5.2709245681762695,3.0,1724388899.5399652,-0.11697462201118469,-0.14080087840557098,0.04731161147356033,0.1465032696723938,-0.20226022601127625,-0.5140938758850098,2.686786651611328,-1.8238916397094727,0.03733193874359131,0.09148869663476944,-2.839590311050415,1.8683825731277466,0.10719922930002213,0.03093578666448593,0.004714127629995346,-0.10711692273616791,1.9620472192764282,0.09562630951404572,0.12384569644927979,2.048766851425171,2.163527488708496,-0.04483317583799362,0.07295378297567368,0.005847305059432983,2.1112828254699707,-0.08814045786857605,0.03117104060947895,0.08247274160385132,0.20858976244926453,2.365147113800049,-0.8272531628608704,-0.007845573127269745
-0.015861064195632935,-7.052213668823242,-5.2664337158203125,0.0018028216436505318,0.25896942615509033,-0.0762404277920723,6.725091225234792e-05,-0.0009223229135386646,-0.00019845877250190824,-0.008531074970960617,-0.000946868909522891,0.002971695503219962,-7.054662704467773,3.7342891693115234,-0.014202146790921688,-7.066483020782471,-5.2709245681762695,4.0,1724388899.5831654,-0.11676222085952759,-0.14077089726924896,0.0466577485203743,0.14658653736114502,-0.2025662660598755,-0.513997495174408,2.6830334663391113,-1.821702480316162,0.037646323442459106,0.09137895703315735,-2.835831880569458,1.8660780191421509,0.10734257847070694,0.031011849641799927,0.004585493355989456,-0.10720498859882355,1.9607528448104858,0.0959819108247757,0.12313348054885864,2.0467092990875244,2.1607775688171387,-0.044849008321762085,0.07314903289079666,0.006262689828872681,2.108680009841919,-0.08785530924797058,0.03236313536763191,0.08204592764377594,0.20776322484016418,2.3621184825897217,-0.8256034255027771,-0.008583787828683853
-0.01621399074792862,-7.046419143676758,-5.278586387634277,0.0025534757878631353,0.2568741738796234,-0.5236371755599976,-0.00026614090893417597,-0.0007762806490063667,-0.00022765797621104866,-0.005103910807520151,0.0077040065079927444,0.0006782568525522947,-7.052213668823242,3.7335662841796875,-0.014202146790921688,-7.066483020782471,-5.2709245681762695,5.0,1724388899.6129956,-0.11621594429016113,-0.14182312786579132,0.04639919847249985,0.14728668332099915,-0.20341341197490692,-0.5099318027496338,2.681016683578491,-1.8099308013916016,0.03253820538520813,0.09151839464902878,-2.8329532146453857,1.8633695840835571,0.10716790705919266,0.031504079699516296,0.004673972725868225,-0.10738855600357056,1.9685205221176147,0.09623754024505615,0.12317705154418945,2.0474605560302734,2.1566033363342285,-0.04452279955148697,0.07307468354701996,0.006036430597305298,2.1072893142700195,-0.08852696418762207,0.032361555844545364,0.08251750469207764,0.21508297324180603,2.365534543991089,-0.8319904208183289,-0.007050275802612305
-0.01635798253118992,-7.043354511260986,-5.292306423187256,0.0036398672964423895,0.2551497519016266,-0.81255704164505,-0.0004092052113264799,-0.0006361151463352144,-0.0002565489266999066,-0.007558036595582962,0.007843823172152042,-0.0028402190655469894,-7.046419143676758,3.7214136123657227,-0.014202146790921688,-7.066483020782471,-5.2709245681762695,6.0,1724388899.6442635,-0.1162971556186676,-0.1419629603624344,0.04609686881303787,0.14715738594532013,-0.20312806963920593,-0.509046196937561,2.679891347885132,-1.8081581592559814,0.031848251819610596,0.09147651493549347,-2.8316736221313477,1.8623669147491455,0.10700742155313492,0.03137635439634323,0.004593290388584137,-0.10741190612316132,1.9687668085098267,0.09638282656669617,0.12316927313804626,2.0468409061431885,2.155493974685669,-0.04447035491466522,0.07296209037303925,0.006173998117446899,2.106433153152466,-0.08862537145614624,0.03290219604969025,0.0824667364358902,0.215946227312088,2.3650498390197754,-0.8322557806968689,-0.007270496338605881
-0.01650502160191536,-7.0378193855285645,-5.327975273132324,0.00455010961741209,0.254265695810318,-1.3071520328521729,0.004593012388795614,-0.00025788380298763514,-0.0003016195842064917,0.2773791551589966,0.006703692022711039,-0.004009427968412638,-7.040200233459473,3.687991142272949,-0.014202146790921688,-7.066483020782471,-5.2709245681762695,7.0,1724388899.6754441,-0.1170748919248581,-0.14295943081378937,0.046289026737213135,0.1468973159790039,-0.2031867355108261,-0.5101230144500732,2.6782517433166504,-1.8116238117218018,0.03361165523529053,0.0916866660118103,-2.8299741744995117,1.8620097637176514,0.10622122138738632,0.030579984188079834,0.004174213856458664,-0.10686250030994415,1.9618648290634155,0.09602129459381104,0.12257593870162964,2.044508218765259,2.154909133911133,-0.04441998153924942,0.07362519204616547,0.005655437707901001,2.105221748352051,-0.08853927254676819,0.03264625370502472,0.08166134357452393,0.2130509316921234,2.3612639904022217,-0.8283475041389465,-0.008229196071624756
-0.016653621569275856,-7.033504009246826,-5.36836576461792,0.004149707034230232,0.26031866669654846,-1.6396304368972778,0.027244998142123222,-0.0001758071593940258,-0.000328560039633885,1.4203789234161377,0.0016019688919186592,0.0007100369548425078,-7.0378193855285645,3.672024726867676,-0.014202146790921688,-7.066483020782471,-5.2709245681762695,8.0,1724388899.7064023,-0.11816190183162689,-0.14155609905719757,0.046047113835811615,0.1457684487104416,-0.20246540009975433,-0.5184812545776367,2.675748825073242,-1.8322343826293945,0.043292850255966187,0.09147851914167404,-2.828239917755127,1.8636527061462402,0.1066470816731453,0.030191577970981598,0.004047755151987076,-0.10731963813304901,1.9440287351608276,0.09623201191425323,0.12194675207138062,2.039524555206299,2.157564640045166,-0.04487846791744232,0.07371728122234344,0.007542610168457031,2.1033999919891357,-0.08841857314109802,0.034968338906764984,0.08049140870571136,0.19876906275749207,2.3501415252685547,-0.8143888115882874,-0.01245124265551567
-0.0168375875800848,-7.025140285491943,-5.4438982009887695,0.003078659763559699,0.3302571177482605,-2.1070868968963623,0.13898783922195435,0.0003657956258393824,-0.0002237721928395331,3.460435390472412,0.01939946971833706,0.0013359531294554472,-7.029717445373535,3.596224784851074,-0.014202146790921688,-7.066483020782471,-5.2709245681762695,9.0,1724388899.7481582,-0.11762101948261261,-0.13931483030319214,0.04429159313440323,0.1449318826198578,-0.20325306057929993,-0.539556622505188,2.679250717163086,-1.8697929382324219,0.06337910890579224,0.09072990715503693,-2.8350138664245605,1.8700815439224243,0.10612092167139053,0.03293032944202423,0.002807537093758583,-0.10944178700447083,1.9236620664596558,0.0990336686372757,0.12324795126914978,2.037426233291626,2.1679532527923584,-0.044186800718307495,0.07179954648017883,0.009176313877105713,2.1068403720855713,-0.08893349766731262,0.03639528155326843,0.0822497010231018,0.17097797989845276,2.338712453842163,-0.7904817461967468,-0.012021519243717194
-0.01681618206202984,-7.011152744293213,-5.540862083435059,0.0037203773390501738,0.4940841794013977,-2.4660608768463135,0.27757686376571655,0.0008801959338597953,8.108562178676948e-05,3.162958860397339,0.012756675481796265,0.0026620039716362953,-7.01924991607666,3.5116214752197266,-0.014202146790921688,-7.066483020782471,-5.2709245681762695,10.0,1724388899.7793856,-0.11738501489162445,-0.13934321701526642,0.044046640396118164,0.14488860964775085,-0.20311623811721802,-0.5408326387405396,2.680772542953491,-1.8734331130981445,0.06487801671028137,0.09069511294364929,-2.8366594314575195,1.8715345859527588,0.10574591904878616,0.03256171941757202,0.00271785631775856,-0.10944165289402008,1.9227298498153687,0.09920576214790344,0.12277108430862427,2.037900686264038,2.169637680053711,-0.04433692991733551,0.07213751971721649,0.008853107690811157,2.108318328857422,-0.08877897262573242,0.036588262766599655,0.08207085728645325,0.16934671998023987,2.3388240337371826,-0.7896625399589539,-0.011160511523485184
-0.01655159890651703,-7.0006422996521,-5.599976062774658,0.003546222811564803,0.5915491580963135,-2.5770609378814697,0.3295383155345917,0.0009649592102505267,0.00010350161755923182,2.229349136352539,0.002023764420300722,0.0017458181828260422,-7.011152744293213,3.4591379165649414,-0.014202146790921688,-7.066483020782471,-5.2709245681762695,11.0,1724388899.810731,-0.09937840700149536,-0.14112068712711334,0.032906673848629,0.1439974009990692,-0.2100110650062561,-0.5552164316177368,2.656298875808716,-1.8442769050598145,0.06578022241592407,0.08966214209794998,-2.8162829875946045,1.853264570236206,0.1025688573718071,0.03442930430173874,-0.006195642054080963,-0.10921089351177216,1.936179280281067,0.10052455961704254,0.1232500672340393,2.022566795349121,2.1448073387145996,-0.04769577085971832,0.07025844603776932,-0.003826528787612915,2.0991015434265137,-0.08672171831130981,0.02824495919048786,0.07819357514381409,0.17917600274085999,2.32614803314209,-0.8057629466056824,0.011293679475784302
-0.016037780791521072,-6.973014831542969,-5.723590850830078,0.0033244825899600983,0.7778353691101074,-2.6652681827545166,0.38785794377326965,0.0008612734964117408,0.00016440921172033995,0.8875024318695068,-0.007393425330519676,0.000510800164192915,-6.992698669433594,3.362123489379883,-0.014202146790921688,-7.066483020782471,-5.2709245681762695,12.0,1724388899.842896,-0.06437262892723083,-0.14204426109790802,0.014619745314121246,0.1661110818386078,-0.26616013050079346,-0.6824910640716553,2.588597297668457,-1.9317810535430908,0.1641847938299179,0.09581408649682999,-2.758043050765991,1.824989676475525,0.10576387494802475,0.036497846245765686,-0.006640492007136345,-0.09914837777614594,1.808505892753601,0.08700613677501678,0.09832914173603058,1.9484219551086426,2.1086010932922363,-0.06650999188423157,0.0780142992734909,-0.05217398703098297,2.0566768646240234,-0.0610845685005188,-0.011234626173973083,0.058626189827919006,0.0753679871559143,2.2179954051971436,-0.7126099467277527,0.056692078709602356
-0.015465923584997654,-6.939197063446045,-5.841102123260498,0.0037750466726720333,0.9202156662940979,-2.6271555423736572,0.3965945541858673,0.0009257636847905815,0.0001754113909555599,-0.1298331767320633,0.00968993827700615,0.0021796352230012417,-6.957743167877197,3.2187461853027344,-0.014202146790921688,-7.066483020782471,-5.2709245681762695,13.0,1724388899.8722076,-0.029179122298955917,-0.14053399860858917,-0.010319866240024567,0.17959587275981903,-0.3308771252632141,-0.9217817187309265,2.4384286403656006,-2.2605364322662354,0.40120458602905273,0.10083530843257904,-2.6281325817108154,1.7884807586669922,0.08754775673151016,0.05052986741065979,-0.018240999430418015,-0.09653747081756592,1.3830862045288086,0.08227834105491638,0.05822589993476868,1.7644869089126587,2.0659751892089844,-0.07793870568275452,0.08880526572465897,-0.082598477602005,1.965577244758606,-0.0545545369386673,-0.04790136218070984,0.018616363406181335,-0.23619341850280762,1.913398265838623,-0.3918949365615845,0.062215641140937805
-0.015048360452055931,-6.918395519256592,-5.900024890899658,0.004091180860996246,0.981519877910614,-2.5792348384857178,0.3921419680118561,0.001020949799567461,0.000202307099243626,-0.3153238892555237,0.0024411831982433796,-0.0037348263431340456,-6.939197063446045,3.158897876739502,-0.014202146790921688,-7.066483020782471,-5.2709245681762695,14.0,1724388899.9026873,-0.010998684912919998,-0.14278842508792877,-0.02466486394405365,0.18824514746665955,-0.3759268522262573,-1.051637887954712,2.3741307258605957,-2.4168648719787598,0.5193068981170654,0.10243489593267441,-2.5671474933624268,1.777489185333252,0.07284294813871384,0.04860599339008331,-0.026287969201803207,-0.08753718435764313,1.1968847513198853,0.07575955986976624,0.02806927263736725,1.6812785863876343,2.0495786666870117,-0.08844632655382156,0.10015534609556198,-0.11072057485580444,1.9396462440490723,-0.042994916439056396,-0.05764836072921753,-0.00909985601902008,-0.37554964423179626,1.774495005607605,-0.2598782181739807,0.06749553978443146
-0.01425744779407978,-6.873620986938477,-6.013130187988281,0.00364089198410511,1.0880986452102661,-2.450392484664917,0.37312227487564087,0.0014267071383073926,0.0004550684825517237,-0.5512106418609619,0.012320326641201973,0.0055824765004217625,-6.904538631439209,3.0634608268737793,-0.014202146790921688,-7.066483020782471,-5.2709245681762695,15.0,1724388899.9465501,0.00813477486371994,-0.13750047981739044,-0.03417127579450607,0.18833667039871216,-0.3989238142967224,-1.1123207807540894,2.2611072063446045,-2.458329916000366,0.5868937969207764,0.10543844103813171,-2.453073024749756,1.7229317426681519,0.07009235769510269,0.04223187267780304,-0.028780214488506317,-0.08021704852581024,1.043218970298767,0.06850717961788177,0.0018160194158554077,1.5795552730560303,1.9797357320785522,-0.09895013272762299,0.11444450169801712,-0.1245889812707901,1.8687392473220825,-0.034770652651786804,-0.05542467534542084,-0.03383629024028778,-0.45795193314552307,1.633684515953064,-0.169777512550354,0.06177837401628494
-0.01343326922506094,-6.825113296508789,-6.117229461669922,0.0030678538605570793,1.1780571937561035,-2.290926456451416,0.34946998953819275,0.001710571814328432,0.0005314854206517339,-0.6140139102935791,0.0024667950347065926,0.003390720346942544,-6.849851608276367,2.9330129623413086,-0.014202146790921688,-7.066483020782471,-5.2709245681762695,16.0,1724388899.9792044,0.007746495306491852,-0.13796840608119965,-0.03356913477182388,0.18833191692829132,-0.40566307306289673,-1.1211011409759521,2.2657268047332764,-2.474207878112793,0.5925978422164917,0.10516583919525146,-2.456547498703003,1.727767825126648,0.07112406939268112,0.04280970245599747,-0.028561439365148544,-0.08075030148029327,1.0324252843856812,0.06813590228557587,0.0018195956945419312,1.5801379680633545,1.984315276145935,-0.09852057695388794,0.1143435686826706,-0.12433139979839325,1.8699933290481567,-0.03549756109714508,-0.05717572569847107,-0.03338775038719177,-0.4653473496437073,1.6313910484313965,-0.1607339084148407,0.053874798119068146
-0.01288825087249279,-6.7994794845581055,-6.163888931274414,0.003051888197660446,1.2166318893432617,-2.201235294342041,0.33745500445365906,0.0017437735805287957,0.000558242667466402,-0.5921137928962708,-0.0017037984216585755,-0.0060697016306221485,-6.825113296508789,2.882770538330078,-0.014202146790921688,-7.066483020782471,-5.2709245681762695,17.0,1724388900.0097415,0.0037003420293331146,-0.14281733334064484,-0.03290334716439247,0.18987226486206055,-0.4022362530231476,-1.1023848056793213,2.2847301959991455,-2.4457950592041016,0.5684068202972412,0.10452902317047119,-2.4726502895355225,1.7325527667999268,0.07126981765031815,0.04532577842473984,-0.028879566118121147,-0.08275316655635834,1.0744765996932983,0.06886300444602966,0.009349733591079712,1.6004512310028076,1.9903091192245483,-0.09487311542034149,0.11015069484710693,-0.12114289402961731,1.8806442022323608,-0.038727059960365295,-0.061568163335323334,-0.027135983109474182,-0.4360380172729492,1.6645326614379883,-0.19144904613494873,0.06342540681362152
-0.011860846541821957,-6.746209621429443,-6.251331329345703,0.003928628750145435,1.2891571521759033,-2.016996145248413,0.3144855201244354,0.0016746553592383862,0.0004191081097815186,-0.5670819878578186,-0.002793446648865938,-0.0017214535037055612,-6.773171424865723,2.7914133071899414,-0.014202146790921688,-7.066483020782471,-5.2709245681762695,18.0,1724388900.0384161,-0.006877388805150986,-0.14764226973056793,-0.03047754243016243,0.18865960836410522,-0.37925583124160767,-1.0752372741699219,2.345447301864624,-2.441045045852661,0.5399888157844543,0.10229753702878952,-2.5352373123168945,1.7632747888565063,0.06948629766702652,0.048424385488033295,-0.02807501144707203,-0.08840259909629822,1.1475728750228882,0.07288523018360138,0.024554938077926636,1.6529005765914917,2.034256935119629,-0.08867990225553513,0.10215342789888382,-0.10975565016269684,1.9213851690292358,-0.04455171525478363,-0.06122259795665741,-0.013049006462097168,-0.4075778126716614,1.7333385944366455,-0.23031336069107056,0.07838237285614014
-0.011380864307284355,-6.718605995178223,-6.2921929359436035,0.004063812084496021,1.3253165483474731,-1.9334843158721924,0.3037351965904236,0.0015517844585701823,0.0004013107100035995,-0.5222660303115845,-0.010164284147322178,-0.0011430862359702587,-6.718605995178223,2.7078070640563965,-0.014202146790921688,-7.066483020782471,-5.2709245681762695,19.0,1724388900.0681572,-0.01840350404381752,-0.14896966516971588,-0.02479150891304016,0.18276789784431458,-0.35314521193504333,-1.0322270393371582,2.378868341445923,-2.4028818607330322,0.5017733573913574,0.1010008305311203,-2.5686845779418945,1.7754193544387817,0.07202521711587906,0.0489528551697731,-0.026544103398919106,-0.09305442869663239,1.2130800485610962,0.07810373604297638,0.03962494432926178,1.6878056526184082,2.052076578140259,-0.08342210948467255,0.09519987553358078,-0.09682154655456543,1.940172791481018,-0.055348098278045654,-0.056395821273326874,-0.002654343843460083,-0.36497414112091064,1.7866657972335815,-0.2742176055908203,0.08410178124904633
-0.010237571783363819,-6.631453514099121,-6.3965277671813965,0.003450540592893958,1.4479784965515137,-1.7415664196014404,0.27822762727737427,0.001606686506420374,0.0005475325742736459,-0.34208279848098755,0.0070214178413152695,-0.004163915291428566,-6.68895149230957,2.6686854362487793,-0.014202146790921688,-7.066483020782471,-5.2709245681762695,20.0,1724388900.1141555,-0.0338238887488842,-0.1545104831457138,-0.017422158271074295,0.1757732480764389,-0.3194122612476349,-0.9391766786575317,2.411247491836548,-2.2777748107910156,0.4135408401489258,0.09946627914905548,-2.5960049629211426,1.7708266973495483,0.07401252537965775,0.04513377696275711,-0.026995455846190453,-0.0991852879524231,1.346738338470459,0.08464576303958893,0.060927584767341614,1.737439513206482,2.0510880947113037,-0.0742579996585846,0.08463849872350693,-0.08052341639995575,1.952276587486267,-0.06319236755371094,-0.0392274335026741,0.014387652277946472,-0.2594813108444214,1.8780721426010132,-0.37329626083374023,0.07783553004264832
-0.009910427033901215,-6.600770473480225,-6.428880214691162,0.0033149579539895058,1.4958901405334473,-1.7126671075820923,0.2727406620979309,0.001661736867390573,0.0006152258720248938,-0.25500643253326416,0.005722316913306713,0.00030473910737782717,-6.631453514099121,2.6034722328186035,-0.014202146790921688,-7.066483020782471,-5.2709245681762695,21.0,1724388900.1467144,-0.03350308910012245,-0.15416114032268524,-0.01774097979068756,0.1749829649925232,-0.31572967767715454,-0.9329240918159485,2.409632682800293,-2.2666170597076416,0.4088670611381531,0.09913291037082672,-2.5941317081451416,1.7678407430648804,0.0720735564827919,0.04532057046890259,-0.02726856991648674,-0.09994690120220184,1.352656364440918,0.08429272472858429,0.0623629093170166,1.737473964691162,2.0484142303466797,-0.07422756403684616,0.08447529375553131,-0.07871139049530029,1.9513731002807617,-0.0632023811340332,-0.03803468495607376,0.015624314546585083,-0.25427255034446716,1.8805396556854248,-0.3794630169868469,0.08114875853061676
-0.009153060615062714,-6.536386966705322,-6.492652893066406,0.002807511016726494,1.6068038940429688,-1.7142467498779297,0.2655402421951294,0.0018836369272321463,0.0007561419624835253,-0.14916549623012543,-0.005254785064607859,0.0025100253988057375,-6.569131851196289,2.539029598236084,-0.014202146790921688,-7.066483020782471,-5.2709245681762695,22.0,1724388900.1765873,-0.039372075349092484,-0.1516842544078827,-0.01286211609840393,0.17135091125965118,-0.29745686054229736,-0.9018288850784302,2.4211459159851074,-2.237234592437744,0.3831207752227783,0.0995643138885498,-2.6046974658966064,1.768255591392517,0.07356294244527817,0.04619359225034714,-0.024360239505767822,-0.10322684049606323,1.3832112550735474,0.08697721362113953,0.07171599566936493,1.7523669004440308,2.0530757904052734,-0.07060792297124863,0.08223944157361984,-0.06741568446159363,1.9550244808197021,-0.06624430418014526,-0.03234252333641052,0.02641315758228302,-0.2289596050977707,1.906002402305603,-0.40367013216018677,0.0803152322769165
-0.008546092547476292,-6.502448081970215,-6.52435827255249,0.0024774495977908373,1.6683446168899536,-1.7440272569656372,0.2626969814300537,0.0017104960279539227,0.0007925157551653683,-0.14228194952011108,-0.008801347576081753,0.0015703759854659438,-6.536386966705322,2.5073471069335938,-0.014202146790921688,-7.066483020782471,-5.2709245681762695,23.0,1724388900.2064643,-0.04449224844574928,-0.1514778882265091,-0.010324526578187943,0.16896066069602966,-0.28330734372138977,-0.8933267593383789,2.4321255683898926,-2.2453761100769043,0.38048553466796875,0.10019871592521667,-2.616995334625244,1.7745102643966675,0.07552770525217056,0.04696516692638397,-0.023004377260804176,-0.10451759397983551,1.3865028619766235,0.08925250172615051,0.07671833038330078,1.7598625421524048,2.0655100345611572,-0.06731021404266357,0.08179408311843872,-0.06287091970443726,1.962270975112915,-0.06853654980659485,-0.02863408625125885,0.030720874667167664,-0.2319425642490387,1.914170742034912,-0.4050862193107605,0.08232368528842926
-0.007704226300120354,-6.4439473152160645,-6.579168319702148,0.0023041770327836275,1.7748233079910278,-1.8231639862060547,0.25482192635536194,0.0016264381119981408,0.0006678548525087535,-0.23124973475933075,0.0006831528153270483,0.00240935361944139,-6.4672980308532715,2.443023681640625,-0.014202146790921688,-7.066483020782471,-5.2709245681762695,24.0,1724388900.2360864,-0.04880283400416374,-0.15313105285167694,-0.009669505059719086,0.16797181963920593,-0.2697758972644806,-0.9009300470352173,2.4261057376861572,-2.2766246795654297,0.3942709267139435,0.10035829991102219,-2.613687038421631,1.773205280303955,0.07486436516046524,0.04758386313915253,-0.02306734211742878,-0.10566334426403046,1.3591468334197998,0.09106853604316711,0.07865442335605621,1.7506520748138428,2.070230722427368,-0.06489752978086472,0.08071202784776688,-0.06096354126930237,1.95888090133667,-0.07150408625602722,-0.026021167635917664,0.031836897134780884,-0.2596741020679474,1.8965016603469849,-0.38284170627593994,0.08931094408035278
-0.006474237889051437,-6.352088928222656,-6.664863586425781,0.0014823952224105597,1.9281952381134033,-1.9560682773590088,0.24083232879638672,0.0017520962283015251,0.000776254921220243,-0.4190065264701843,0.0021791886538267136,0.004168346524238586,-6.393233299255371,2.3742523193359375,-0.014202146790921688,-7.066483020782471,-5.2709245681762695,25.0,1724388900.2806454,-0.053737442940473557,-0.15302418172359467,-0.008929267525672913,0.16692018508911133,-0.2561364769935608,-0.8909760117530823,2.396355390548706,-2.2685706615448,0.392547070980072,0.10014396905899048,-2.5845367908477783,1.7520809173583984,0.07157158106565475,0.05125701427459717,-0.022366348654031754,-0.10928691923618317,1.332536220550537,0.09427393972873688,0.08350877463817596,1.7273470163345337,2.0493323802948,-0.06203143298625946,0.07945282757282257,-0.05148741602897644,1.9347745180130005,-0.07660001516342163,-0.022261038422584534,0.036422014236450195,-0.270383358001709,1.870110034942627,-0.3669803738594055,0.09113715589046478
-0.005543289706110954,-6.271584987640381,-6.742109298706055,0.0023955022916197777,2.0390512943267822,-2.0454211235046387,0.222720667719841,0.0017854846082627773,0.000772580155171454,-0.4926707148551941,0.00204205559566617,-0.0023441165685653687,-6.352088928222656,2.3351364135742188,-0.014202146790921688,-7.066483020782471,-5.2709245681762695,26.0,1724388900.3114078,-0.05372760072350502,-0.1530962586402893,-0.008670959621667862,0.16719284653663635,-0.25667092204093933,-0.893459677696228,2.397611618041992,-2.2747371196746826,0.39540979266166687,0.10036684572696686,-2.5864412784576416,1.7537795305252075,0.07178059965372086,0.05106370151042938,-0.022330019623041153,-0.10916444659233093,1.3293510675430298,0.09433932602405548,0.08292248845100403,1.7273555994033813,2.051562547683716,-0.062375448644161224,0.07978542149066925,-0.051412418484687805,1.9361143112182617,-0.07660815119743347,-0.02241763472557068,0.036018744111061096,-0.27418118715286255,1.8689607381820679,-0.36388224363327026,0.09034408628940582
-0.0051023270934820175,-6.228845596313477,-6.782923221588135,0.002533822786062956,2.08923077583313,-2.078171730041504,0.2127600610256195,0.0017430318985134363,0.0007659374387003481,-0.5018917918205261,0.0012065564515069127,-0.004611939657479525,-6.271584987640381,2.2578907012939453,-0.014202146790921688,-7.066483020782471,-5.2709245681762695,27.0,1724388900.3424811,-0.055840592831373215,-0.1510210931301117,-0.007382258772850037,0.1681412011384964,-0.2518623471260071,-0.8914172649383545,2.3819806575775146,-2.2796289920806885,0.39923644065856934,0.10064080357551575,-2.5710220336914062,1.7434178590774536,0.07006626576185226,0.05517509579658508,-0.020073607563972473,-0.11186863481998444,1.3064886331558228,0.0969458669424057,0.08418279886245728,1.7135716676712036,2.0426812171936035,-0.06033186614513397,0.07992168515920639,-0.04454885423183441,1.9215017557144165,-0.07948750257492065,-0.02464672178030014,0.04024772346019745,-0.28788232803344727,1.8510475158691406,-0.3474581241607666,0.09155425429344177
-0.004309875890612602,-6.140290260314941,-6.866900444030762,0.001212261151522398,2.1783974170684814,-2.120979070663452,0.19351227581501007,0.0017338633770123124,0.0007603545091114938,-0.4680606722831726,0.004445821512490511,-0.005140629131346941,-6.1851959228515625,2.1756529808044434,-0.014202146790921688,-7.066483020782471,-5.2709245681762695,28.0,1724388900.3706386,-0.06140310689806938,-0.14851820468902588,-0.006744422018527985,0.16579397022724152,-0.2515316903591156,-0.8837624788284302,2.3663039207458496,-2.2793872356414795,0.39598923921585083,0.09880019724369049,-2.5512781143188477,1.7317067384719849,0.07235106080770493,0.055491916835308075,-0.017791934311389923,-0.11401195824146271,1.285223126411438,0.10256600379943848,0.0862722098827362,1.701285481452942,2.02964186668396,-0.056489914655685425,0.07873407751321793,-0.03417086601257324,1.9006179571151733,-0.08080840110778809,-0.015890978276729584,0.043143242597579956,-0.2927861213684082,1.8354743719100952,-0.33032339811325073,0.07039085030555725
-0.003916899207979441,-6.094231128692627,-6.910423755645752,0.0016815889393910766,2.2163619995117188,-2.132671356201172,0.18478791415691376,0.0016989465802907944,0.0007528883288614452,-0.4273720979690552,-0.0018060788279399276,-0.003807519329711795,-6.140290260314941,2.1330995559692383,-0.014202146790921688,-7.066483020782471,-5.2709245681762695,29.0,1724388900.4041722,-0.06553515791893005,-0.145042285323143,-0.0054940879344940186,0.1646929681301117,-0.24631622433662415,-0.8916499614715576,2.3461861610412598,-2.3059167861938477,0.4115287661552429,0.09943955391645432,-2.5300607681274414,1.721630334854126,0.07797989994287491,0.057962238788604736,-0.014201130717992783,-0.11665399372577667,1.2403035163879395,0.10508111119270325,0.08564242720603943,1.6816303730010986,2.0217044353485107,-0.0547449067234993,0.0792829617857933,-0.02562999725341797,1.881434679031372,-0.08220833539962769,-0.011303968727588654,0.04524703323841095,-0.32264718413352966,1.8033103942871094,-0.2977865934371948,0.06347160041332245
-0.0031849658116698265,-6.000241756439209,-6.99766731262207,0.001566155580803752,2.2859230041503906,-2.1411166191101074,0.1695844531059265,0.001441969070583582,0.0007033242145553231,-0.3503667116165161,-0.007578971795737743,-0.0015616696327924728,-6.047536849975586,2.0459609031677246,-0.014202146790921688,-7.066483020782471,-5.2709245681762695,30.0,1724388900.4476683,-0.07822437584400177,-0.13825270533561707,0.0009996294975280762,0.15561018884181976,-0.23180729150772095,-0.9364129304885864,2.323890209197998,-2.433187961578369,0.47414395213127136,0.0988372266292572,-2.5093026161193848,1.7235780954360962,0.08991415053606033,0.057713598012924194,-0.010257165879011154,-0.12333303689956665,1.11155366897583,0.10623179376125336,0.0864182710647583,1.644026517868042,2.0364906787872314,-0.056985996663570404,0.08042220771312714,-0.00805574655532837,1.85856032371521,-0.08626049757003784,0.0033268406987190247,0.04836045205593109,-0.4248979985713959,1.7258496284484863,-0.2005784809589386,0.03050845116376877
-0.0027016527019441128,-5.904361248016357,-7.0848283767700195,0.002707506064325571,2.3454785346984863,-2.1370322704315186,0.15872716903686523,0.001569203333929181,0.000614344491623342,-0.20889689028263092,0.011934616602957249,-0.006964803207665682,-5.952391147613525,1.958756923675537,-0.014202146790921688,-7.066483020782471,-5.2709245681762695,31.0,1724388900.4744377,-0.08117184042930603,-0.13898926973342896,0.00016720592975616455,0.15417808294296265,-0.22551101446151733,-0.9316073656082153,2.3159985542297363,-2.436147689819336,0.4750455915927887,0.09778006374835968,-2.5004913806915283,1.7189362049102783,0.08679161220788956,0.05715310573577881,-0.011026231572031975,-0.1240093857049942,1.0932010412216187,0.10737840831279755,0.08869299292564392,1.6362475156784058,2.034519910812378,-0.05642373859882355,0.07870960235595703,-0.0044095516204833984,1.8498479127883911,-0.0870739221572876,0.0038225874304771423,0.048051074147224426,-0.43259382247924805,1.7130645513534546,-0.18705075979232788,0.027702003717422485
-0.002742021344602108,-5.853771209716797,-7.130506992340088,0.0031273257918655872,2.376004695892334,-2.1335995197296143,0.1551593393087387,0.0018357468070462346,0.000698317657224834,-0.15474431216716766,0.012328642420470715,0.004222773015499115,-5.904361248016357,1.9151716232299805,-0.014202146790921688,-7.066483020782471,-5.2709245681762695,32.0,1724388900.5065925,-0.08225886523723602,-0.13884153962135315,0.002833813428878784,0.1545102596282959,-0.23186954855918884,-0.9455810785293579,2.3187079429626465,-2.466507911682129,0.48702964186668396,0.09766462445259094,-2.503434419631958,1.724028468132019,0.09004055708646774,0.05951254814863205,-0.010124366730451584,-0.12427930533885956,1.0743257999420166,0.10557298362255096,0.08854101598262787,1.6341193914413452,2.0404438972473145,-0.056890442967414856,0.07999426871538162,-0.0015046298503875732,1.8500454425811768,-0.08962613344192505,0.0022301077842712402,0.050092801451683044,-0.44955873489379883,1.7058314085006714,-0.1718587875366211,0.018242277204990387
-0.0028024115599691868,-5.775599956512451,-7.199775695800781,0.0015570109244436026,2.418721914291382,-2.1245291233062744,0.1519487053155899,0.00197578314691782,0.0007506691617891192,-0.05136160925030708,-0.004118464887142181,-0.0011153388768434525,-5.807405471801758,1.8282179832458496,-0.014202146790921688,-7.066483020782471,-5.2709245681762695,33.0,1724388900.535017,-0.08453628420829773,-0.14283984899520874,0.0013124942779541016,0.1551671326160431,-0.22613540291786194,-0.9603972434997559,2.319013833999634,-2.5123794078826904,0.5047526359558105,0.09791575372219086,-2.5049469470977783,1.7285075187683105,0.08919786661863327,0.059158988296985626,-0.010495755821466446,-0.12452353537082672,1.0329887866973877,0.10714197158813477,0.09168291091918945,1.6252613067626953,2.052727699279785,-0.05558781325817108,0.07935993373394012,-0.0007960200309753418,1.8482015132904053,-0.09054753184318542,-2.4594366550445557e-05,0.048735231161117554,-0.48312416672706604,1.6845457553863525,-0.13618075847625732,0.02072441577911377
-0.002905371133238077,-5.708450794219971,-7.257935047149658,0.0011624288745224476,2.4542667865753174,-2.113438129425049,0.15134994685649872,0.0019098954508081079,0.0008195547270588577,-0.023982172831892967,-0.003179936669766903,0.0060677966102957726,-5.708450794219971,1.7420649528503418,-0.014202146790921688,-7.066483020782471,-5.2709245681762695,34.0,1724388900.565001,-0.08531476557254791,-0.14652661979198456,0.0002158135175704956,0.15434350073337555,-0.22428232431411743,-0.9782439470291138,2.3105623722076416,-2.5563859939575195,0.5253196358680725,0.09872259944677353,-2.4969184398651123,1.7277299165725708,0.08917374163866043,0.057823166251182556,-0.01214798167347908,-0.12460467219352722,0.9806172847747803,0.10725679993629456,0.09272164106369019,1.6084227561950684,2.0572762489318848,-0.05487193167209625,0.07927572727203369,0.0004820823669433594,1.8406171798706055,-0.09167870879173279,-0.0013481490314006805,0.04545848071575165,-0.5186800360679626,1.6535518169403076,-0.09794372320175171,0.018048889935016632
-0.003451740834861994,-5.608747959136963,-7.343636989593506,8.8304586824961e-05,2.5055458545684814,-2.0952308177948,0.15009036660194397,0.0017246769275516272,0.0009560725884512067,-0.0453062541782856,-0.011241835542023182,0.002924032974988222,-5.656167030334473,1.6970648765563965,-0.014202146790921688,-7.066483020782471,-5.2709245681762695,35.0,1724388900.6092281,-0.08435039222240448,-0.1497422754764557,0.0011867806315422058,0.1516406089067459,-0.22862344980239868,-1.0186814069747925,2.2905192375183105,-2.6437458992004395,0.5703594088554382,0.10032378882169724,-2.4776837825775146,1.725614309310913,0.09263057261705399,0.05652298033237457,-0.01368134468793869,-0.12525784969329834,0.8781249523162842,0.10573530197143555,0.09286293387413025,1.5729111433029175,2.0619428157806396,-0.05491625517606735,0.07996948063373566,0.00178450345993042,1.823441982269287,-0.09417709708213806,-0.005853056907653809,0.041614219546318054,-0.5875313878059387,1.5913841724395752,-0.026943594217300415,0.008827686309814453
-0.004117173608392477,-5.507419586181641,-7.428554534912109,-0.0010082513326779008,2.5562405586242676,-2.0799925327301025,0.14687944948673248,0.0015849462943151593,0.0011755346786230803,-0.10352688282728195,0.00041574719944037497,0.0040025957860052586,-5.548210620880127,1.6054491996765137,-0.014202146790921688,-7.066483020782471,-5.2709245681762695,36.0,1724388900.641131,-0.08441250026226044,-0.14974457025527954,0.0014012083411216736,0.15155065059661865,-0.2267439067363739,-1.021817684173584,2.292215585708618,-2.653879165649414,0.5740922093391418,0.10019151121377945,-2.4797465801239014,1.7281907796859741,0.09300512820482254,0.05623503774404526,-0.013625223189592361,-0.12530770897865295,0.8719482421875,0.10571300983428955,0.09324590861797333,1.572543740272522,2.0655810832977295,-0.0548241063952446,0.07974720001220703,0.0019424259662628174,1.8242932558059692,-0.09412220120429993,-0.006550785154104233,0.041459158062934875,-0.5933767557144165,1.5887993574142456,-0.02163219451904297,0.009601444005966187
-0.0044293953105807304,-5.455992698669434,-7.470716953277588,-0.0010792609537020326,2.5803017616271973,-2.0737075805664062,0.14120909571647644,0.0014327465323731303,0.0012628857512027025,-0.16238154470920563,-0.006491492036730051,0.0002157358976546675,-5.455992698669434,1.529283046722412,-0.014202146790921688,-7.066483020782471,-5.2709245681762695,37.0,1724388900.6709309,-0.08362409472465515,-0.14953650534152985,0.0018269792199134827,0.1505659818649292,-0.23072747886180878,-1.0427830219268799,2.2765517234802246,-2.691910743713379,0.5968025922775269,0.09940921515226364,-2.4642460346221924,1.7242705821990967,0.0958886668086052,0.05578037351369858,-0.014242522418498993,-0.125807523727417,0.8214772939682007,0.10550171136856079,0.09210129082202911,1.5520761013031006,2.061960220336914,-0.0549420565366745,0.08009745180606842,0.0014011561870574951,1.811910629272461,-0.09442955255508423,-0.007801271975040436,0.039522334933280945,-0.6257956624031067,1.555530309677124,0.01269751787185669,0.004756532609462738
-0.005080248229205608,-5.350185394287109,-7.55620813369751,-0.00034653214970603585,2.6250598430633545,-2.0612382888793945,0.13573043048381805,0.0013914238661527634,0.001288820756599307,-0.2060856819152832,0.0018088145880028605,0.004050462506711483,-5.4044575691223145,1.4874157905578613,-0.014202146790921688,-7.066483020782471,-5.2709245681762695,38.0,1724388900.7021034,-0.08271932601928711,-0.1503286212682724,0.001761704683303833,0.1493055373430252,-0.23270317912101746,-1.064056396484375,2.267139196395874,-2.737588405609131,0.6203822493553162,0.10002762079238892,-2.454998016357422,1.7242993116378784,0.09781850129365921,0.05569933354854584,-0.015415824949741364,-0.12639567255973816,0.7712461948394775,0.10492883622646332,0.09199918806552887,1.5350152254104614,2.064692497253418,-0.054599545896053314,0.07997766882181168,0.0020475387573242188,1.8030095100402832,-0.09554699063301086,-0.010905329138040543,0.03677038848400116,-0.6605459451675415,1.525174856185913,0.04818406701087952,0.0023704208433628082
-0.0052348412573337555,-5.318905830383301,-7.581051349639893,-0.0004500828217715025,2.6373820304870605,-2.0574076175689697,0.1329881101846695,0.0013349206419661641,0.0012771855108439922,-0.22497692704200745,-0.0052482616156339645,-8.404281106777489e-05,-5.318905830383301,1.4189486503601074,-0.014202146790921688,-7.066483020782471,-5.2709245681762695,39.0,1724388900.7327204,-0.08300590515136719,-0.15104985237121582,0.0009457245469093323,0.14826886355876923,-0.2359895408153534,-1.0924365520477295,2.248812675476074,-2.7908987998962402,0.649949312210083,0.09944342821836472,-2.437349319458008,1.7206121683120728,0.09966640919446945,0.052804745733737946,-0.01681629940867424,-0.1256224662065506,0.7079293727874756,0.10437905788421631,0.09067660570144653,1.5096254348754883,2.0619428157806396,-0.05503202974796295,0.07939367741346359,-0.0001030266284942627,1.7898625135421753,-0.09405109286308289,-0.011129900813102722,0.032556429505348206,-0.7037807703018188,1.483031988143921,0.09171544015407562,-0.0008002705872058868
-0.006494647357612848,-5.142255783081055,-7.71848726272583,-0.0015533588593825698,2.70119571685791,-2.031564950942993,0.11897408962249756,0.001415190170519054,0.0011656227288767695,-0.22430595755577087,-0.0011715306900441647,-0.0005633606342598796,-5.195176124572754,1.3222169876098633,-0.014202146790921688,-7.066483020782471,-5.2709245681762695,40.0,1724388900.7781587,-0.08563260734081268,-0.15279027819633484,3.0510127544403076e-05,0.14588673412799835,-0.2322680950164795,-1.1326165199279785,2.2183406352996826,-2.879634141921997,0.6936748027801514,0.0997147411108017,-2.4068844318389893,1.7123024463653564,0.09984325617551804,0.047619789838790894,-0.0191802978515625,-0.12621861696243286,0.6046078205108643,0.1032169908285141,0.0922292023897171,1.46738600730896,2.0575578212738037,-0.056311801075935364,0.07692387700080872,0.001920938491821289,1.765752911567688,-0.09527689218521118,-0.010434776544570923,0.03003843128681183,-0.773973822593689,1.4136896133422852,0.16151556372642517,-0.0030591152608394623
-0.007248743902891874,-5.086678504943848,-7.76084041595459,-0.0022724466398358345,2.717519521713257,-2.0198745727539062,0.11449777334928513,0.0013879660982638597,0.0010647056624293327,-0.20760884881019592,-0.001037098583765328,-0.0023200486321002245,-5.142255783081055,1.28151273727417,-0.014202146790921688,-7.066483020782471,-5.2709245681762695,41.0,1724388900.807954,-0.08643457293510437,-0.15287527441978455,0.0015813559293746948,0.14245644211769104,-0.23078066110610962,-1.1266993284225464,2.2077507972717285,-2.875891923904419,0.691551148891449,0.09984184801578522,-2.3940629959106445,1.7054550647735596,0.10166323930025101,0.046122871339321136,-0.020239153876900673,-0.12776805460453033,0.5916632413864136,0.10197366774082184,0.09255969524383545,1.4587717056274414,2.049339532852173,-0.05747358500957489,0.07793797552585602,0.006203770637512207,1.7557357549667358,-0.09736788272857666,-0.00818212702870369,0.029756471514701843,-0.7731015086174011,1.4028953313827515,0.1653105616569519,-0.01234186440706253
-0.008648576214909554,-4.982542514801025,-7.838764190673828,-0.0023105600848793983,2.7466399669647217,-1.9921075105667114,0.10686085373163223,0.0013196084182709455,0.0009649028652347624,-0.18868209421634674,-0.0003836990799754858,0.004857542458921671,-5.0361528396606445,1.2010650634765625,-0.014202146790921688,-7.066483020782471,-5.2709245681762695,42.0,1724388900.8394876,-0.08603349328041077,-0.15272216498851776,0.0004399344325065613,0.1446000635623932,-0.23352839052677155,-1.154862880706787,2.204983711242676,-2.9260013103485107,0.7153885960578918,0.10079493373632431,-2.3922345638275146,1.7098557949066162,0.10403767973184586,0.04498299956321716,-0.020064210519194603,-0.12634305655956268,0.5504674911499023,0.10150085389614105,0.09178020060062408,1.4475739002227783,2.055131196975708,-0.058698177337646484,0.07808685302734375,0.00444367527961731,1.7548437118530273,-0.09619411826133728,-0.007242843508720398,0.028022751212120056,-0.8085401058197021,1.3799577951431274,0.1954224407672882,-0.015633083879947662
-0.009289705194532871,-4.9285993576049805,-7.878197193145752,-0.0018324691336601973,2.759129762649536,-1.9712402820587158,0.10294704884290695,0.001291941269300878,0.0009696990600787103,-0.1952948272228241,0.0009962866315618157,0.0036229442339390516,-4.9285993576049805,1.121802806854248,-0.014202146790921688,-7.066483020782471,-5.2709245681762695,43.0,1724388900.868865,-0.08528438210487366,-0.15399710834026337,0.001058720052242279,0.14227606356143951,-0.23855642974376678,-1.1730756759643555,2.1814162731170654,-2.95822811126709,0.7345364093780518,0.10119812935590744,-2.3659133911132812,1.6993159055709839,0.10824842005968094,0.04207168519496918,-0.02184487320482731,-0.12629403173923492,0.4940531551837921,0.10114185512065887,0.09026031196117401,1.4210227727890015,2.0422239303588867,-0.060333117842674255,0.08070933818817139,0.0055702924728393555,1.7361048460006714,-0.09764713048934937,-0.005065847188234329,0.024326592683792114,-0.8377689719200134,1.3408739566802979,0.22877725958824158,-0.02713732048869133
-0.010357899591326714,-4.821220874786377,-7.9550018310546875,-0.002469473285600543,2.7802531719207764,-1.9160068035125732,0.09415839612483978,0.0010518209310248494,0.000926672131754458,-0.22478002309799194,-0.009902944788336754,0.0018183862557634711,-4.8748297691345215,1.0830278396606445,-0.014202146790921688,-7.066483020782471,-5.2709245681762695,44.0,1724388900.8996935,-0.08529500663280487,-0.15412254631519318,0.003834940493106842,0.1389111578464508,-0.24014726281166077,-1.19163179397583,2.161815881729126,-2.9951889514923096,0.7549670338630676,0.10155788064002991,-2.345529794692993,1.692484736442566,0.11048034578561783,0.041087448596954346,-0.022721759974956512,-0.12717187404632568,0.4394461214542389,0.1001022607088089,0.08888919651508331,1.397047996520996,2.03458833694458,-0.06133699417114258,0.0832696259021759,0.007610529661178589,1.721557378768921,-0.09850969910621643,-0.0047132112085819244,0.02341531217098236,-0.868149995803833,1.304821491241455,0.2617782652378082,-0.033636368811130524
-0.010847014375030994,-4.767333030700684,-7.992441177368164,-0.0028689540922641754,2.7882635593414307,-1.8873809576034546,0.08940152823925018,0.0010711443610489368,0.0009238036000169814,-0.23676463961601257,0.0053162951953709126,0.002419322030618787,-4.767333030700684,1.007558822631836,-0.014202146790921688,-7.066483020782471,-5.2709245681762695,45.0,1724388900.9292753,-0.08621755242347717,-0.1545206755399704,0.00791989266872406,0.13572949171066284,-0.23602107167243958,-1.2067081928253174,2.145185708999634,-3.0332744121551514,0.7744628190994263,0.10202472656965256,-2.32910418510437,1.6870429515838623,0.11156273633241653,0.039957575500011444,-0.023033328354358673,-0.12701721489429474,0.3893425166606903,0.09894853830337524,0.08866919577121735,1.375962734222412,2.0306410789489746,-0.06114066392183304,0.08462934195995331,0.009031921625137329,1.709948182106018,-0.09900632500648499,-0.0018317736685276031,0.024261072278022766,-0.8984847068786621,1.2722718715667725,0.2930455505847931,-0.03743947669863701
-0.012125053443014622,-4.604701042175293,-8.100934982299805,-0.002550942823290825,2.809309959411621,-1.80560302734375,0.0766427293419838,0.0013454173458740115,0.0010370322270318866,-0.185947984457016,-0.0019006296060979366,-0.0016114070313051343,-4.6588029861450195,0.9342708587646484,-0.014202146790921688,-7.066483020782471,-5.2709245681762695,46.0,1724388900.9754455,-0.08796197175979614,-0.1568162441253662,0.011142171919345856,0.13469922542572021,-0.22742682695388794,-1.203121542930603,2.095028877258301,-3.0247528553009033,0.7766821384429932,0.10288431495428085,-2.2762913703918457,1.6546473503112793,0.11307225376367569,0.03853823244571686,-0.0241993498057127,-0.12711884081363678,0.33505311608314514,0.09749682247638702,0.08899697661399841,1.334588885307312,1.994126319885254,-0.060144588351249695,0.08485470712184906,0.01069226861000061,1.670546293258667,-0.10041069984436035,-0.0007898807525634766,0.02498127520084381,-0.9107329845428467,1.2229950428009033,0.3167034685611725,-0.038155850023031235
-0.012454899027943611,-4.550852298736572,-8.135039329528809,-0.0024082001764327288,2.8146822452545166,-1.7784113883972168,0.07334943115711212,0.0013197441585361958,0.0009841513819992542,-0.1551305651664734,-0.0036117241252213717,-0.002914759796112776,-4.604701042175293,0.8990650177001953,-0.014202146790921688,-7.066483020782471,-5.2709245681762695,47.0,1724388901.0061162,-0.08745178580284119,-0.1583327203989029,0.01117376983165741,0.13516221940517426,-0.23216484487056732,-1.227718710899353,2.0919060707092285,-3.0685501098632812,0.7990010976791382,0.10413425415754318,-2.2746775150299072,1.657741665840149,0.11299712210893631,0.03750070184469223,-0.025502633303403854,-0.12565039098262787,0.29415449500083923,0.09659367799758911,0.08760902285575867,1.322758436203003,1.9989122152328491,-0.06043236702680588,0.08497686684131622,0.008992940187454224,1.6689869165420532,-0.1002667248249054,-0.0002602487802505493,0.02239222824573517,-0.942467212677002,1.1996738910675049,0.3477240800857544,-0.045216284692287445
-0.013107634149491787,-4.442471981048584,-8.202059745788574,-0.003930156119167805,2.824427843093872,-1.7312294244766235,0.06804747879505157,0.0012486353516578674,0.0008314293809235096,-0.1147461012005806,-0.004992637317627668,-0.0018734980840235949,-4.496770858764648,0.831263542175293,-0.014202146790921688,-7.066483020782471,-5.2709245681762695,48.0,1724388901.0367634,-0.08890186250209808,-0.16186851263046265,0.010214462876319885,0.1350136250257492,-0.236843079328537,-1.2446507215499878,2.0604918003082275,-3.0895118713378906,0.8140554428100586,0.10372459143400192,-2.2407784461975098,1.6398589611053467,0.113150455057621,0.033925749361515045,-0.027750004082918167,-0.12458682060241699,0.2387862503528595,0.09803672134876251,0.08707800507545471,1.2914891242980957,1.9781039953231812,-0.06014075130224228,0.08511848747730255,0.008088082075119019,1.6440035104751587,-0.10055863857269287,0.006844609975814819,0.01876544952392578,-0.968665599822998,1.1570115089416504,0.38195744156837463,-0.05825076997280121
-0.01344721857458353,-4.387970447540283,-8.234992027282715,-0.004408793989568949,2.828493356704712,-1.709350824356079,0.06570442020893097,0.0012090114178135991,0.0008430737652815878,-0.11256051808595657,-0.00756049295887351,0.006677607540041208,-4.387970447540283,0.7650079727172852,-0.014202146790921688,-7.066483020782471,-5.2709245681762695,49.0,1724388901.0676365,-0.08940841257572174,-0.1627996414899826,0.011560998857021332,0.13499486446380615,-0.23406939208507538,-1.2534737586975098,2.034698486328125,-3.1029975414276123,0.8235800266265869,0.10457931458950043,-2.214475631713867,1.625025749206543,0.11444614082574844,0.03420516848564148,-0.027974283322691917,-0.1245497614145279,0.19557160139083862,0.09812498092651367,0.08879104256629944,1.266203761100769,1.9617488384246826,-0.059970222413539886,0.08381541818380356,0.009100675582885742,1.6232717037200928,-0.10269927978515625,0.00493718683719635,0.019173428416252136,-0.9876456260681152,1.1233856678009033,0.40644362568855286,-0.05928930267691612
-0.013697478920221329,-4.279748916625977,-8.299463272094727,-0.00594120379537344,2.834247589111328,-1.6654075384140015,0.060935210436582565,0.0008318632608279586,0.0006932549295015633,-0.12766440212726593,-0.011699804104864597,-0.004014221020042896,-4.3337321281433105,0.7325420379638672,-0.014202146790921688,-7.066483020782471,-5.2709245681762695,50.0,1724388901.0979288,-0.0896470695734024,-0.1632920801639557,0.01242845505475998,0.13499686121940613,-0.2335147261619568,-1.2631375789642334,2.0008344650268555,-3.11181902885437,0.8346327543258667,0.10543074458837509,-2.1800460815429688,1.6055444478988647,0.1137777641415596,0.035195738077163696,-0.027293764054775238,-0.12507596611976624,0.1483580768108368,0.09786398708820343,0.08874666690826416,1.235396385192871,1.9390052556991577,-0.059370994567871094,0.08327256143093109,0.008287310600280762,1.5982494354248047,-0.1043907105922699,0.0022316575050354004,0.0191509872674942,-1.0079882144927979,1.0840061902999878,0.43177860975265503,-0.05582691729068756
-0.013782262802124023,-4.225573539733887,-8.331165313720703,-0.006250135600566864,2.8370749950408936,-1.6474230289459229,0.05832924321293831,0.0007711895159445703,0.0006859023123979568,-0.1292165368795395,-0.002577841281890869,0.0005918312817811966,-4.225573539733887,0.6688346862792969,-0.014202146790921688,-7.066483020782471,-5.2709245681762695,51.0,1724388901.1295655,-0.09018416702747345,-0.16315926611423492,0.01542104035615921,0.13386520743370056,-0.23211675882339478,-1.2754924297332764,1.9707438945770264,-3.127730131149292,0.8493117094039917,0.1060883030295372,-2.1518545150756836,1.5900295972824097,0.11547742038965225,0.035525575280189514,-0.026679357513785362,-0.12573523819446564,0.10152101516723633,0.09744469821453094,0.08832921087741852,1.2068183422088623,1.9209264516830444,-0.05909213423728943,0.08410516381263733,0.007204413414001465,1.5783088207244873,-0.10581627488136292,-0.0017268620431423187,0.019940346479415894,-1.0315641164779663,1.0467844009399414,0.4572497308254242,-0.04957066848874092
-0.013850501738488674,-4.062291145324707,-8.424152374267578,-0.004883892834186554,2.841519832611084,-1.5938475131988525,0.049271635711193085,0.0008641000022180378,0.000544740934856236,-0.16459816694259644,0.0054239858873188496,-0.005034506320953369,-4.116672515869141,0.6062822341918945,-0.014202146790921688,-7.066483020782471,-5.2709245681762695,52.0,1724388901.1762927,-0.09069980680942535,-0.16469994187355042,0.017646677792072296,0.1318291425704956,-0.22968873381614685,-1.279543161392212,1.9270665645599365,-3.124915361404419,0.8546590805053711,0.10618961602449417,-2.1064038276672363,1.5629148483276367,0.11830059438943863,0.035375699400901794,-0.027135010808706284,-0.1267884373664856,0.05222827196121216,0.09647870063781738,0.08783699572086334,1.1697584390640259,1.8880494832992554,-0.05960643291473389,0.08496386557817459,0.007062375545501709,1.5462000370025635,-0.10784143209457397,-0.005692575126886368,0.019646450877189636,-1.0448870658874512,1.0021750926971436,0.47826510667800903,-0.04414109140634537
-0.013574333861470222,-4.0052056312561035,-8.455484390258789,-0.004068414680659771,2.8418376445770264,-1.574405550956726,0.045506227761507034,0.0007933360175229609,0.0004958897479809821,-0.18094344437122345,-0.006564673501998186,-0.0028305896557867527,-4.062291145324707,0.5758476257324219,-0.014202146790921688,-7.066483020782471,-5.2709245681762695,53.0,1724388901.205762,-0.08982957899570465,-0.1655028611421585,0.01565421372652054,0.13172604143619537,-0.23674097657203674,-1.306189775466919,1.9204074144363403,-3.16713809967041,0.8794965744018555,0.10602249950170517,-2.1008646488189697,1.5643068552017212,0.11646079272031784,0.03525872528553009,-0.028101131319999695,-0.12658905982971191,0.009917914867401123,0.09608055651187897,0.08512172102928162,1.155796766281128,1.890818476676941,-0.059641219675540924,0.08549751341342926,0.004231393337249756,1.5437867641448975,-0.10697907209396362,-0.007016588002443314,0.016363367438316345,-1.07819402217865,0.9760379195213318,0.5096232295036316,-0.045053061097860336
-0.013167043216526508,-3.917891263961792,-8.50275993347168,-0.0031629682052880526,2.840932607650757,-1.546405553817749,0.03832608461380005,0.00047675796668045223,0.00046612165169790387,-0.17912577092647552,-0.0034070105757564306,0.001842093770392239,-3.972341775894165,0.5266027450561523,-0.014202146790921688,-7.066483020782471,-5.2709245681762695,54.0,1724388901.2354949,-0.09180009365081787,-0.16631360352039337,0.015301845967769623,0.13048195838928223,-0.23611648380756378,-1.3212542533874512,1.8966124057769775,-3.1915860176086426,0.8947069644927979,0.10551515221595764,-2.076704740524292,1.5518399477005005,0.11682309955358505,0.03477225452661514,-0.028465675190091133,-0.12708382308483124,-0.037029117345809937,0.09637153148651123,0.08635929226875305,1.130932331085205,1.8780184984207153,-0.05879635363817215,0.08426649868488312,0.004103124141693115,1.5251691341400146,-0.10783001780509949,-0.00747048482298851,0.015567272901535034,-1.1036592721939087,0.9404236674308777,0.5394493937492371,-0.04457855969667435
-0.012789768166840076,-3.844539165496826,-8.541690826416016,-0.0033523717429488897,2.8388521671295166,-1.518153429031372,0.034869637340307236,0.0004032496362924576,0.0004073095042258501,-0.16428986191749573,-0.0024197420570999384,0.0009167295065708458,-3.844539165496826,0.4583091735839844,-0.014202146790921688,-7.066483020782471,-5.2709245681762695,55.0,1724388901.2662203,-0.09475833177566528,-0.16620048880577087,0.015356220304965973,0.13061100244522095,-0.2412632405757904,-1.3338203430175781,1.8769065141677856,-3.209324598312378,0.9048243761062622,0.10477440059185028,-2.054495334625244,1.540716290473938,0.11406848579645157,0.033949971199035645,-0.027900736778974533,-0.12610843777656555,-0.07696202397346497,0.09672200679779053,0.08793032169342041,1.1113429069519043,1.8650985956192017,-0.058163128793239594,0.08325511962175369,0.004660665988922119,1.5056803226470947,-0.10657209157943726,-0.006460767239332199,0.015557512640953064,-1.1232351064682007,0.9124627709388733,0.5661744475364685,-0.053053118288517
-0.012161674909293652,-3.680272102355957,-8.626720428466797,-0.0035668022464960814,2.8302690982818604,-1.4598946571350098,0.025785038247704506,0.0008776943432167172,0.00028718190151266754,-0.12486613541841507,0.005858027841895819,-0.0005260632024146616,-3.789844512939453,0.42966461181640625,-0.014202146790921688,-7.066483020782471,-5.2709245681762695,56.0,1724388901.3127365,-0.09749056398868561,-0.16398169100284576,0.017388999462127686,0.1303250789642334,-0.25488147139549255,-1.3647291660308838,1.8399527072906494,-3.2527120113372803,0.9325731992721558,0.10331010073423386,-2.0130019187927246,1.523068904876709,0.11173566430807114,0.03225044161081314,-0.026320088654756546,-0.12609931826591492,-0.1600174605846405,0.09791304171085358,0.0877712070941925,1.0726053714752197,1.8419567346572876,-0.05819492042064667,0.08384796231985092,0.00717240571975708,1.4702171087265015,-0.10549965500831604,-0.006143633276224136,0.017873674631118774,-1.1681931018829346,0.8557153940200806,0.621627151966095,-0.06978784501552582
-0.011984805576503277,-3.6254382133483887,-8.654430389404297,-0.0040091462433338165,2.8270888328552246,-1.4387218952178955,0.023305295035243034,0.0010006689699366689,0.0002988473861478269,-0.1229446530342102,0.001798373879864812,0.0014183033490553498,-3.680272102355957,0.3732795715332031,-0.014202146790921688,-7.066483020782471,-5.2709245681762695,57.0,1724388901.3424196,-0.0982840359210968,-0.1634196937084198,0.01899479329586029,0.12881511449813843,-0.25341010093688965,-1.360052227973938,1.8312034606933594,-3.2441532611846924,0.9302606582641602,0.10293258726596832,-2.0033609867095947,1.5168410539627075,0.11300020664930344,0.030859023332595825,-0.026213806122541428,-0.1262173354625702,-0.1635933816432953,0.0977516919374466,0.08788610994815826,1.066567063331604,1.8339906930923462,-0.058197468519210815,0.08464492112398148,0.007769405841827393,1.4631049633026123,-0.10565891861915588,-0.004974633455276489,0.018600255250930786,-1.1652101278305054,0.8502295613288879,0.6206096410751343,-0.07136298716068268
-0.011721366085112095,-3.5164499282836914,-8.708616256713867,-0.004555705469101667,2.8184573650360107,-1.3993840217590332,0.018766362220048904,0.0008552828803658485,0.0002028713934123516,-0.10518769919872284,-0.011198070831596851,-0.0007964411051943898,-3.6254382133483887,0.3455696105957031,-0.014202146790921688,-7.066483020782471,-5.2709245681762695,58.0,1724388901.3750544,-0.09788559377193451,-0.1632496565580368,0.019262276589870453,0.1300305873155594,-0.2641292214393616,-1.381742000579834,1.820383071899414,-3.2789766788482666,0.9457676410675049,0.10316991806030273,-1.9882241487503052,1.513515591621399,0.11342612653970718,0.032298214733600616,-0.02580447308719158,-0.1251773238182068,-0.20650367438793182,0.09793515503406525,0.08890967071056366,1.0515013933181763,1.8272632360458374,-0.05741603672504425,0.08335450291633606,0.011349380016326904,1.4484481811523438,-0.10503768920898438,-0.0056870728731155396,0.020359903573989868,-1.1897742748260498,0.8245519995689392,0.6516633629798889,-0.086545430123806
-0.011653021909296513,-3.4630541801452637,-8.734810829162598,-0.004581160377711058,2.81191086769104,-1.376861333847046,0.016159094870090485,0.000712391163688153,0.00013357805437408388,-0.11006445437669754,-0.004738504998385906,0.003282705554738641,-3.5164499282836914,0.2913837432861328,-0.014202146790921688,-7.066483020782471,-5.2709245681762695,59.0,1724388901.402827,-0.09837137162685394,-0.16329273581504822,0.021030694246292114,0.12833057343959808,-0.26738443970680237,-1.3996188640594482,1.7871674299240112,-3.3057515621185303,0.9649862051010132,0.10321281105279922,-1.9527153968811035,1.4964185953140259,0.11591928452253342,0.029555313289165497,-0.02661902643740177,-0.12508980929851532,-0.26522862911224365,0.09892554581165314,0.09002931416034698,1.0186715126037598,1.8058574199676514,-0.05669888108968735,0.08278992772102356,0.01401469111442566,1.4218456745147705,-0.10545754432678223,-0.0013741403818130493,0.021394088864326477,-1.2193011045455933,0.7794596552848816,0.6874092221260071,-0.09758134186267853
-0.01155167631804943,-3.3561789989471436,-8.786062240600586,-0.004137875512242317,2.799009084701538,-1.3263859748840332,0.011858954094350338,0.0005778456688858569,0.0001060141803463921,-0.1197618618607521,-0.011323707178235054,0.0016485011437907815,-3.4096291065216064,0.23936176300048828,-0.014202146790921688,-7.066483020782471,-5.2709245681762695,60.0,1724388901.4344175,-0.09997615218162537,-0.16405345499515533,0.022586576640605927,0.12738730013370514,-0.26865121722221375,-1.415082573890686,1.7662562131881714,-3.3323476314544678,0.9815236330032349,0.1028687134385109,-1.930719256401062,1.4865599870681763,0.11801622062921524,0.02749592810869217,-0.026847103610634804,-0.12469741702079773,-0.30964046716690063,0.100246861577034,0.09114857017993927,0.9963167905807495,1.793750524520874,-0.055378660559654236,0.0825323835015297,0.014271080493927002,1.4052729606628418,-0.10573074221611023,0.00045939162373542786,0.021843507885932922,-1.2445682287216187,0.747636616230011,0.714737057685852,-0.10056453943252563
-0.011509470641613007,-3.2999002933502197,-8.812376022338867,-0.004411327186971903,2.7928223609924316,-1.3016607761383057,0.009277121163904667,0.0005527629400603473,0.00014396963524632156,-0.12080147862434387,-0.002138825599104166,0.003175191581249237,-3.3561789989471436,0.21393775939941406,-0.014202146790921688,-7.066483020782471,-5.2709245681762695,61.0,1724388901.4654028,-0.09981580078601837,-0.16527409851551056,0.022399403154850006,0.1269257664680481,-0.26906818151474,-1.43221116065979,1.7395164966583252,-3.3550944328308105,1.0008686780929565,0.1035168394446373,-1.9048535823822021,1.4740859270095825,0.1207103356719017,0.025304563343524933,-0.027942471206188202,-0.12377376854419708,-0.355989933013916,0.10032470524311066,0.08926437795162201,0.9695602655410767,1.7789922952651978,-0.05596421658992767,0.08325425535440445,0.01170194149017334,1.38956618309021,-0.10519114136695862,0.0014416426420211792,0.019523590803146362,-1.2717506885528564,0.7107385993003845,0.7408144474029541,-0.09864996373653412
-0.011463976465165615,-3.1422483921051025,-8.883501052856445,-0.004544191528111696,2.771650791168213,-1.2194632291793823,0.0026921755634248257,0.0005124866729602218,0.00018061153241433203,-0.10492055863142014,0.000998588977381587,0.002160632284358144,-3.249199628829956,0.16429996490478516,-0.014202146790921688,-7.066483020782471,-5.2709245681762695,62.0,1724388901.5105631,-0.10250738263130188,-0.1674702763557434,0.022827088832855225,0.12540045380592346,-0.26979729533195496,-1.4640403985977173,1.6990107297897339,-3.4035325050354004,1.0333752632141113,0.10301128029823303,-1.8627047538757324,1.4551727771759033,0.12199478596448898,0.024481743574142456,-0.028081852942705154,-0.12429280579090118,-0.4445052742958069,0.09976394474506378,0.08929120004177094,0.9250098466873169,1.7577697038650513,-0.054443515837192535,0.08308777213096619,0.01235818862915039,1.3601559400558472,-0.1074502170085907,0.000887647271156311,0.01983863115310669,-1.3237279653549194,0.6474044919013977,0.7947347164154053,-0.1008710041642189
-0.011464671231806278,-3.088799476623535,-8.906606674194336,-0.004993014968931675,2.764573812484741,-1.1881208419799805,0.00048374058678746223,0.00048727734247222543,0.00011027255095541477,-0.1084994226694107,-0.0049453480169177055,-0.003268699860200286,-3.1422483921051025,0.11649894714355469,-0.014202146790921688,-7.066483020782471,-5.2709245681762695,63.0,1724388901.5406752,-0.10222932696342468,-0.16776691377162933,0.022679395973682404,0.1253848373889923,-0.26808980107307434,-1.463594675064087,1.6975287199020386,-3.40285062789917,1.033905029296875,0.10301025956869125,-1.861846923828125,1.454369068145752,0.122075654566288,0.024477273225784302,-0.02812977507710457,-0.12400367856025696,-0.4451925754547119,0.09955285489559174,0.0888061672449112,0.9237590432167053,1.7572015523910522,-0.05449987202882767,0.08312872797250748,0.0111922025680542,1.3599939346313477,-0.10731196403503418,0.00034329667687416077,0.019779309630393982,-1.3242064714431763,0.6460127234458923,0.7945544123649597,-0.09726542234420776
-0.011499890126287937,-2.9826934337615967,-8.950579643249512,-0.0035108563024550676,2.748504877090454,-1.1093547344207764,-0.0043779402039945126,0.00028122516232542694,9.468682401347905e-05,-0.14351744949817657,-0.0049354699440300465,0.003129218239337206,-3.0353808403015137,0.0708932876586914,-0.014202146790921688,-7.066483020782471,-5.2709245681762695,64.0,1724388901.571086,-0.1028285026550293,-0.16771315038204193,0.022073931992053986,0.12457980215549469,-0.2633739411830902,-1.472442865371704,1.6691374778747559,-3.4095265865325928,1.047488808631897,0.10287802666425705,-1.83538019657135,1.4388703107833862,0.121523417532444,0.02359604835510254,-0.027844352647662163,-0.12367664277553558,-0.4864264130592346,0.09875322878360748,0.08724655210971832,0.897969663143158,1.7414060831069946,-0.05485907196998596,0.08398202806711197,0.007341563701629639,1.3422223329544067,-0.10660421848297119,3.260374069213867e-05,0.01911933720111847,-1.3471605777740479,0.6112984418869019,0.819123387336731,-0.08933225274085999
-0.0115253496915102,-2.9307098388671875,-8.970919609069824,-0.0031708539463579655,2.7390146255493164,-1.0598748922348022,-0.007752048317342997,0.00020447546557988971,-2.7354601115803234e-05,-0.17467071115970612,-0.0018038033740594983,-0.005833860486745834,-2.9826934337615967,0.04942035675048828,-0.014202146790921688,-7.066483020782471,-5.2709245681762695,65.0,1724388901.601013,-0.10322734713554382,-0.16842849552631378,0.022347010672092438,0.12423890084028244,-0.25762754678726196,-1.482739806175232,1.6418893337249756,-3.4247548580169678,1.0615220069885254,0.1026640385389328,-1.8098925352096558,1.424088478088379,0.1224832758307457,0.023822136223316193,-0.027573181316256523,-0.12391649186611176,-0.5284087061882019,0.09762585163116455,0.08640573918819427,0.8714410662651062,1.7267309427261353,-0.05542139708995819,0.08457431942224503,0.005311429500579834,1.3244010210037231,-0.10738053917884827,-0.002431534230709076,0.01906716823577881,-1.3703503608703613,0.5761463046073914,0.8425020575523376,-0.07779957354068756
-0.011583193205296993,-2.8268425464630127,-9.008869171142578,-0.0027890182100236416,2.7183897495269775,-0.9585325121879578,-0.016284940764307976,0.00024916738038882613,-5.081004564999603e-05,-0.23025771975517273,-0.004056510515511036,0.008363217115402222,-2.878753662109375,0.009656906127929688,-0.014202146790921688,-7.066483020782471,-5.2709245681762695,66.0,1724388901.6305692,-0.10354343056678772,-0.1686636358499527,0.022275276482105255,0.12307398021221161,-0.2514411509037018,-1.487607717514038,1.60831618309021,-3.426265239715576,1.0725218057632446,0.10208014398813248,-1.7785263061523438,1.404991865158081,0.12209052592515945,0.02346906065940857,-0.02727700024843216,-0.12407901883125305,-0.5668799877166748,0.09679713845252991,0.08388632535934448,0.842461884021759,1.7060208320617676,-0.05574130266904831,0.0863109603524208,0.002258777618408203,1.3033883571624756,-0.10713765025138855,-0.003378603607416153,0.018220871686935425,-1.3885807991027832,0.5396298766136169,0.8622303009033203,-0.06506092101335526
-0.011663834564387798,-2.7232158184051514,-9.0429048538208,-0.003691764548420906,2.695823907852173,-0.8499671816825867,-0.02665894664824009,0.0006428658380173147,-1.8222634025732987e-05,-0.23595288395881653,0.007664676755666733,0.0015562414191663265,-2.7749886512756348,-0.026391029357910156,-0.014202146790921688,-7.066483020782471,-5.2709245681762695,67.0,1724388901.6768246,-0.10623402893543243,-0.1712963879108429,0.022918634116649628,0.12100735306739807,-0.22938257455825806,-1.490393877029419,1.5284048318862915,-3.420517683029175,1.085904836654663,0.10140812397003174,-1.7017420530319214,1.3571337461471558,0.119671531021595,0.025006704032421112,-0.026864172890782356,-0.12522345781326294,-0.6483690738677979,0.0956408679485321,0.08290845155715942,0.775625467300415,1.6528100967407227,-0.05464576184749603,0.08848477900028229,0.0008269548416137695,1.2498328685760498,-0.109651118516922,-0.006125688552856445,0.01937370002269745,-1.4181394577026367,0.45977726578712463,0.8976414203643799,-0.03305991366505623
-0.011715426109731197,-2.6715404987335205,-9.058402061462402,-0.004157908260822296,2.6849873065948486,-0.7955635190010071,-0.030430011451244354,0.0006226570694707334,5.5725224228808656e-05,-0.23379719257354736,-0.004869116470217705,0.006034142337739468,-2.7232158184051514,-0.04290485382080078,-0.014202146790921688,-7.066483020782471,-5.2709245681762695,68.0,1724388901.708614,-0.10614550113677979,-0.1711048036813736,0.023081280291080475,0.12078985571861267,-0.22947955131530762,-1.491117000579834,1.5251355171203613,-3.4204468727111816,1.0864639282226562,0.10158024728298187,-1.6983691453933716,1.355197548866272,0.120299331843853,0.0250609889626503,-0.02692072093486786,-0.1250588446855545,-0.6520549058914185,0.09559774398803711,0.08314496278762817,0.7727154493331909,1.6502305269241333,-0.05482635647058487,0.08840388059616089,0.00041618943214416504,1.2473102807998657,-0.10953927040100098,-0.006348118185997009,0.01903185248374939,-1.4192043542861938,0.45659926533699036,0.8991609811782837,-0.03283737227320671
-0.011832158081233501,-2.5685064792633057,-9.086409568786621,-0.004250438418239355,2.6602468490600586,-0.6918666362762451,-0.03947857767343521,0.0006963483756408095,3.126550654997118e-05,-0.20961463451385498,0.0028233968187123537,-0.0020676739513874054,-2.6199586391448975,-0.07288360595703125,-0.014202146790921688,-7.066483020782471,-5.2709245681762695,69.0,1724388901.7378714,-0.1075766533613205,-0.17223034799098969,0.023105815052986145,0.11997631192207336,-0.23052164912223816,-1.492268443107605,1.4877896308898926,-3.410196304321289,1.0861841440200806,0.1013704314827919,-1.6584277153015137,1.331677794456482,0.11966340988874435,0.025164633989334106,-0.027414236217737198,-0.12508195638656616,-0.6878109574317932,0.09470890462398529,0.08320637047290802,0.7430981397628784,1.6195640563964844,-0.05461671203374863,0.0886552631855011,0.0008245408535003662,1.2175729274749756,-0.11009553074836731,-0.008324146270751953,0.018256649374961853,-1.4240835905075073,0.4228127598762512,0.9139697551727295,-0.03598777949810028
-0.011900529265403748,-2.5172064304351807,-9.098991394042969,-0.0045950706116855145,2.6462552547454834,-0.6435135006904602,-0.04351520165801048,0.0007868541870266199,5.524514926946722e-05,-0.19661976397037506,0.006837078370153904,0.000252504920354113,-2.5172064304351807,-0.09899139404296875,-0.014202146790921688,-7.066483020782471,-5.2709245681762695,70.0,1724388901.7674289,-0.10859742760658264,-0.17231734097003937,0.023244403302669525,0.120328888297081,-0.23344483971595764,-1.501204490661621,1.449057936668396,-3.40830135345459,1.091157078742981,0.10093280673027039,-1.6179946660995483,1.309006690979004,0.11931852251291275,0.02409503608942032,-0.027359774336218834,-0.12546639144420624,-0.7311837673187256,0.095162034034729,0.08268757164478302,0.7113170027732849,1.5894994735717773,-0.05518822371959686,0.08846648037433624,-0.000837862491607666,1.187786340713501,-0.10888487100601196,-0.00867147371172905,0.016861528158187866,-1.4360672235488892,0.38455483317375183,0.9342710971832275,-0.03904387727379799
-0.012029843404889107,-2.432701826095581,-9.117955207824707,-0.004676916636526585,2.6228785514831543,-0.5711159706115723,-0.05083359405398369,0.0004366063221823424,2.8278793251956813e-05,-0.17399877309799194,-0.012606805190443993,-0.0010349047370254993,-2.466076612472534,-0.11070060729980469,-0.014202146790921688,-7.066483020782471,-5.2709245681762695,71.0,1724388901.7985225,-0.11063724756240845,-0.17498083412647247,0.02288735657930374,0.12016234546899796,-0.22851799428462982,-1.5032472610473633,1.4116424322128296,-3.3957016468048096,1.0927919149398804,0.10034720599651337,-1.5809348821640015,1.2857513427734375,0.11708422750234604,0.02149388939142227,-0.027959762141108513,-0.12502215802669525,-0.7628624439239502,0.09584212303161621,0.08243811130523682,0.6818607449531555,1.5616189241409302,-0.05460347235202789,0.08765650540590286,-0.00532609224319458,1.1624176502227783,-0.10853394865989685,-0.009232744574546814,0.015700310468673706,-1.442918062210083,0.3518126308917999,0.94655442237854,-0.030301138758659363
-0.012214836664497852,-2.3138389587402344,-9.141197204589844,-0.004122025799006224,2.5858497619628906,-0.490531325340271,-0.05726074054837227,0.0002096679963869974,-1.9085653548245318e-05,-0.14546611905097961,-0.0028768309857696295,-0.000255837629083544,-2.364367723464966,-0.13169193267822266,-0.014202146790921688,-7.066483020782471,-5.2709245681762695,72.0,1724388901.8453271,-0.11246907711029053,-0.17584505677223206,0.024416014552116394,0.11950512230396271,-0.22491449117660522,-1.5107413530349731,1.3444886207580566,-3.389817953109741,1.1013129949569702,0.09806176275014877,-1.5096731185913086,1.2438162565231323,0.11689842492341995,0.01909073069691658,-0.02692462131381035,-0.1255921572446823,-0.8419891595840454,0.09695424139499664,0.08589543402194977,0.6260100603103638,1.5103235244750977,-0.05181168019771576,0.08590980619192123,-0.0022467970848083496,1.1077231168746948,-0.10926634073257446,-0.006046902388334274,0.01932312548160553,-1.4665801525115967,0.28315287828445435,0.9874298572540283,-0.04006924107670784
-0.012352952733635902,-2.2145843505859375,-9.158166885375977,-0.00537525862455368,2.5515236854553223,-0.43937867879867554,-0.06269606947898865,0.00016884584329091012,-0.00013771565863862634,-0.12701153755187988,0.006141766905784607,-0.0023599257692694664,-2.263543128967285,-0.15016746520996094,-0.014202146790921688,-7.066483020782471,-5.2709245681762695,73.0,1724388901.8752234,-0.1123795211315155,-0.1757146567106247,0.02446915954351425,0.11956941336393356,-0.22509685158729553,-1.5105377435684204,1.3442459106445312,-3.3889827728271484,1.1010798215866089,0.09807208925485611,-1.5093989372253418,1.2435858249664307,0.11692845076322556,0.019077282398939133,-0.02682705782353878,-0.1254519373178482,-0.8415087461471558,0.0969172865152359,0.08579005300998688,0.6259637475013733,1.509928584098816,-0.051878832280635834,0.08599405735731125,-0.002462148666381836,1.1075514554977417,-0.10908547043800354,-0.006112061440944672,0.019243285059928894,-1.4661645889282227,0.2833208739757538,0.9869562983512878,-0.040061093866825104
-0.012410959228873253,-2.1643669605255127,-9.165772438049316,-0.0043455203995108604,2.5315685272216797,-0.41816213726997375,-0.06506061553955078,0.0001648352190386504,-0.00014989385090302676,-0.10575282573699951,-0.0018911196384578943,0.0003941479080822319,-2.2145843505859375,-0.15816688537597656,-0.014202146790921688,-7.066483020782471,-5.2709245681762695,74.0,1724388901.9053361,-0.11261540651321411,-0.17506085336208344,0.026187576353549957,0.1191304475069046,-0.2235194742679596,-1.5140984058380127,1.3081344366073608,-3.3875911235809326,1.106290340423584,0.09747178852558136,-1.4706993103027344,1.2212932109832764,0.11920464783906937,0.018034636974334717,-0.02559029683470726,-0.1259445995092392,-0.8851697444915771,0.09638369083404541,0.08789840340614319,0.5958091020584106,1.4826315641403198,-0.05096349120140076,0.08535406738519669,0.0007062554359436035,1.077386498451233,-0.10964205861091614,-0.0044286735355854034,0.02230924367904663,-1.4795302152633667,0.24588000774383545,1.0086140632629395,-0.0463930144906044
-0.012439532205462456,-2.119413375854492,-9.172224998474121,-0.0032577381934970617,2.513082265853882,-0.3994074761867523,-0.06705822050571442,0.00022466816881205887,-0.00022856457508169115,-0.09430698305368423,0.007229664362967014,-0.00017753004794940352,-2.119413375854492,-0.1722249984741211,-0.014202146790921688,-7.066483020782471,-5.2709245681762695,75.0,1724388901.9343936,-0.11230860650539398,-0.17409612238407135,0.02810285985469818,0.11781252920627594,-0.22335109114646912,-1.5202500820159912,1.2726662158966064,-3.3881418704986572,1.1139830350875854,0.09760554134845734,-1.43293297290802,1.2002372741699219,0.1222461685538292,0.017501763999462128,-0.024936724454164505,-0.126925528049469,-0.9277142286300659,0.09545794129371643,0.08903700113296509,0.5656080842018127,1.4558918476104736,-0.05073118954896927,0.08511658757925034,0.003120332956314087,1.0499399900436401,-0.11066389083862305,-0.0032720565795898438,0.024207085371017456,-1.4934030771255493,0.20824062824249268,1.0289504528045654,-0.05025073140859604
-0.012496243230998516,-2.025062322616577,-9.184942245483398,-0.0031867383513599634,2.4735395908355713,-0.35531380772590637,-0.07088297605514526,0.0002590590447653085,-0.00016637894441373646,-0.09941915422677994,-0.002249226439744234,0.0004901396459899843,-2.025062322616577,-0.18494224548339844,-0.014202146790921688,-7.066483020782471,-5.2709245681762695,76.0,1724388901.9655278,-0.11213630437850952,-0.17431844770908356,0.02779584378004074,0.11850849539041519,-0.21978771686553955,-1.5252127647399902,1.2346774339675903,-3.3835055828094482,1.1190937757492065,0.09730807691812515,-1.393000841140747,1.1766084432601929,0.12350677698850632,0.017313748598098755,-0.0245733130723238,-0.12712515890598297,-0.9676516056060791,0.09554661810398102,0.0906309187412262,0.5344260334968567,1.426741600036621,-0.04989650845527649,0.08432716876268387,0.004305392503738403,1.021311640739441,-0.11028426885604858,-0.0016916953027248383,0.02558232843875885,-1.5055277347564697,0.170302152633667,1.046940803527832,-0.04803239181637764
-0.013337020762264729,-1.8808568716049194,-9.20046329498291,-0.005587357096374035,2.4082322120666504,-0.28571799397468567,-0.07661375403404236,0.00013694370863959193,-0.0003035003610420972,-0.07921432703733444,-0.0015250834403559566,-0.005142753943800926,-1.9793249368667603,-0.19031810760498047,-0.014202146790921688,-7.066483020782471,-5.2709245681762695,77.0,1724388902.01222,-0.11230781674385071,-0.1737784445285797,0.028889179229736328,0.11760461330413818,-0.21349027752876282,-1.5325793027877808,1.1698452234268188,-3.3801419734954834,1.1292790174484253,0.09635723382234573,-1.3247759342193604,1.1371333599090576,0.1277473270893097,0.016673393547534943,-0.024009572342038155,-0.12802834808826447,-1.0402953624725342,0.09552931785583496,0.09354209899902344,0.479790061712265,1.3783068656921387,-0.048598162829875946,0.08321674168109894,0.007054746150970459,0.9722706079483032,-0.11086538434028625,0.0013805702328681946,0.029553383588790894,-1.5271326303482056,0.10350643843412399,1.0795243978500366,-0.049013059586286545
-0.013656127266585827,-1.8439429998397827,-9.203563690185547,-0.005628671962767839,2.389183759689331,-0.26556530594825745,-0.07842935621738434,0.0004138824879191816,-0.0004125461564399302,-0.05809595435857773,0.012177112512290478,-0.0011296122102066875,-1.8808568716049194,-0.20046329498291016,-0.014202146790921688,-7.066483020782471,-5.2709245681762695,78.0,1724388902.0435584,-0.11423812806606293,-0.17480982840061188,0.030038051307201385,0.11612880229949951,-0.20896106958389282,-1.529873251914978,1.1512196063995361,-3.3739986419677734,1.126808762550354,0.09581807255744934,-1.3041623830795288,1.124952793121338,0.12927177548408508,0.016233157366514206,-0.023778701201081276,-0.12819258868694305,-1.0588583946228027,0.09575009346008301,0.09622028470039368,0.46505242586135864,1.3630207777023315,-0.047147899866104126,0.08231662958860397,0.009057432413101196,0.9563494920730591,-0.1122613251209259,0.004067599773406982,0.03213052451610565,-1.5278455018997192,0.08697741478681564,1.0856070518493652,-0.05160120502114296
-0.014212450012564659,-1.7596598863601685,-9.210113525390625,-0.00574683491140604,2.3470776081085205,-0.21719922125339508,-0.07955726981163025,0.0006930310046300292,-0.000584252062253654,-0.014891324564814568,0.002839154563844204,-0.005058134440332651,-1.8023813962936401,-0.20695114135742188,-0.014202146790921688,-7.066483020782471,-5.2709245681762695,79.0,1724388902.073149,-0.11273382604122162,-0.17370714247226715,0.030248843133449554,0.1168288141489029,-0.20942999422550201,-1.5327684879302979,1.135352611541748,-3.373188018798828,1.1317012310028076,0.09585881978273392,-1.2889152765274048,1.115477204322815,0.1301264464855194,0.016639351844787598,-0.023158280178904533,-0.12834887206554413,-1.0749452114105225,0.09550447762012482,0.09517724812030792,0.4519346356391907,1.3518823385238647,-0.04781956970691681,0.08289534598588943,0.008915305137634277,0.9457248449325562,-0.1119728684425354,0.0023057721555233,0.03216776251792908,-1.5343163013458252,0.07074584811925888,1.0934672355651855,-0.04876476898789406
-0.014398546889424324,-1.718102216720581,-9.212818145751953,-0.0063023497350513935,2.325305938720703,-0.19295068085193634,-0.08004646748304367,0.0005966984899714589,-0.0006217325571924448,-0.020511135458946228,-0.011025659739971161,-0.000131281980429776,-1.7596598863601685,-0.210113525390625,-0.014202146790921688,-7.066483020782471,-5.2709245681762695,80.0,1724388902.108175,-0.11198128759860992,-0.17322270572185516,0.03083202987909317,0.11661984026432037,-0.2084464132785797,-1.5334359407424927,1.1028947830200195,-3.363783121109009,1.1341546773910522,0.09623723477125168,-1.255285382270813,1.0950536727905273,0.13156360387802124,0.016826540231704712,-0.02277662418782711,-0.12762072682380676,-1.1057714223861694,0.09460453689098358,0.09549665451049805,0.42618197202682495,1.3267241716384888,-0.04781309515237808,0.08315791189670563,0.008981555700302124,0.9212646484375,-0.11174675822257996,0.001930132508277893,0.03226584196090698,-1.5407779216766357,0.040606677532196045,1.106050968170166,-0.0502084381878376
-0.014517025090754032,-1.690427541732788,-9.214557647705078,-0.00724723469465971,2.311976194381714,-0.17462597787380219,-0.08034754544496536,0.0003348186728544533,-0.0006758475792594254,-0.010669585317373276,-0.013509707525372505,-0.001036382862366736,-1.690427541732788,-0.21455764770507812,-0.014202146790921688,-7.066483020782471,-5.2709245681762695,81.0,1724388902.1323557,-0.11211341619491577,-0.17330335080623627,0.03162255138158798,0.11603937298059464,-0.20395424962043762,-1.5376642942428589,1.0727087259292603,-3.364518642425537,1.1404911279678345,0.09656795114278793,-1.2251222133636475,1.0772428512573242,0.13346600532531738,0.017181508243083954,-0.022366680204868317,-0.1279289722442627,-1.141160011291504,0.09437038004398346,0.0962744653224945,0.4003823697566986,1.3056386709213257,-0.04753231257200241,0.0830102264881134,0.00970757007598877,0.8997628688812256,-0.11311548948287964,0.0019375868141651154,0.03354978561401367,-1.5526269674301147,0.008596234023571014,1.1220037937164307,-0.046907342970371246
-0.015069926157593727,-1.5541138648986816,-9.219249725341797,-0.008227103389799595,2.2378809452056885,-0.08749732375144958,-0.08082141727209091,-0.0003720359818544239,-0.0009156697196885943,-0.000886566995177418,-0.010768651030957699,0.00205622729845345,-1.5943015813827515,-0.2183513641357422,-0.014202146790921688,-7.066483020782471,-5.2709245681762695,82.0,1724388902.178622,-0.11245414614677429,-0.17105992138385773,0.03247394412755966,0.11631254106760025,-0.19769728183746338,-1.5431864261627197,1.017676591873169,-3.3566462993621826,1.1503926515579224,0.09632503986358643,-1.1700743436813354,1.0439181327819824,0.13436651229858398,0.01724937930703163,-0.02062116377055645,-0.12711262702941895,-1.1981030702590942,0.09451200067996979,0.09589233994483948,0.35598596930503845,1.2656996250152588,-0.047459617257118225,0.08305665850639343,0.008274376392364502,0.8598150014877319,-0.11213025450706482,0.002705298364162445,0.034295499324798584,-1.5711771249771118,-0.046096473932266235,1.148374080657959,-0.039288491010665894
-0.0149149801582098,-1.5125923156738281,-9.219663619995117,-0.007723258342593908,2.2152719497680664,-0.06277507543563843,-0.08092577755451202,-0.000561348395422101,-0.0009307042346335948,0.0004989802837371826,-0.01002042181789875,0.0017051781760528684,-1.5541138648986816,-0.21924972534179688,-0.014202146790921688,-7.066483020782471,-5.2709245681762695,83.0,1724388902.2092242,-0.1126716285943985,-0.1700856238603592,0.032570600509643555,0.11646215617656708,-0.19582417607307434,-1.5439618825912476,1.0027251243591309,-3.351125478744507,1.1516972780227661,0.09617426246404648,-1.1550054550170898,1.034594178199768,0.13401266932487488,0.017776407301425934,-0.019900653511285782,-0.12673698365688324,-1.211710810661316,0.0945860892534256,0.09601013362407684,0.34474602341651917,1.254278302192688,-0.047331735491752625,0.0830952376127243,0.0075141191482543945,0.8487077951431274,-0.11133164167404175,0.003286197781562805,0.034774139523506165,-1.5747195482254028,-0.05972638353705406,1.1542158126831055,-0.03763854503631592
-0.014608640223741531,-1.4344435930252075,-9.219391822814941,-0.005622996482998133,2.171325206756592,-0.024027720093727112,-0.08070971071720123,-0.0008631155360490084,-0.001097006257623434,0.009493793360888958,-0.006019579712301493,-0.006970642600208521,-1.4668618440628052,-0.21981239318847656,-0.014202146790921688,-7.066483020782471,-5.2709245681762695,84.0,1724388902.2400641,-0.11232845485210419,-0.17013612389564514,0.03222522884607315,0.11667239665985107,-0.19749164581298828,-1.5451792478561401,0.9926003217697144,-3.3489043712615967,1.1532230377197266,0.0962725505232811,-1.1442447900772095,1.0283323526382446,0.13413915038108826,0.017027597874403,-0.020163336768746376,-0.1264704316854477,-1.2220065593719482,0.09438802301883698,0.09496420621871948,0.3366304636001587,1.2460806369781494,-0.047650985419750214,0.08353669941425323,0.0072019100189208984,0.8411203622817993,-0.11092832684516907,0.003439970314502716,0.03368853032588959,-1.5770082473754883,-0.0697789117693901,1.1593751907348633,-0.03946611285209656
-0.014457682147622108,-1.3977560997009277,-9.218851089477539,-0.005734000820666552,2.1502466201782227,-0.008844415657222271,-0.07999298721551895,-0.0006069898954592645,-0.0011764590162783861,0.022264951840043068,0.011590557172894478,-0.001583910547196865,-1.3977560997009277,-0.21885108947753906,-0.014202146790921688,-7.066483020782471,-5.2709245681762695,85.0,1724388902.270482,-0.1127266138792038,-0.1692938208580017,0.03253796696662903,0.11661791801452637,-0.19581113755702972,-1.5462419986724854,0.9633522629737854,-3.339914321899414,1.1554746627807617,0.09601247310638428,-1.113726258277893,1.009717583656311,0.13387566804885864,0.017097488045692444,-0.01964465342462063,-0.1261461228132248,-1.2496768236160278,0.09447793662548065,0.0951845794916153,0.31391528248786926,1.2228935956954956,-0.047106243669986725,0.0834847241640091,0.006727486848831177,0.8181554079055786,-0.11013701558113098,0.004313215613365173,0.03407706320285797,-1.5831869840621948,-0.09690169990062714,1.1717822551727295,-0.03882007673382759
-0.013676999136805534,-1.3223761320114136,-9.217461585998535,-0.004968167282640934,2.105724334716797,0.02096298150718212,-0.07954241335391998,-0.0004452158173080534,-0.0011522072600200772,0.027977261692285538,0.0059013525024056435,0.006899469997733831,-1.3511747121810913,-0.2181835174560547,-0.014202146790921688,-7.066483020782471,-5.2709245681762695,86.0,1724388902.3021364,-0.11260956525802612,-0.1690104454755783,0.03196936100721359,0.11663754284381866,-0.19704097509384155,-1.5493415594100952,0.9371260404586792,-3.3347411155700684,1.159305214881897,0.09533543139696121,-1.0859261751174927,0.993493378162384,0.13353383541107178,0.017120681703090668,-0.019580228254199028,-0.12596271932125092,-1.2781342267990112,0.09491799771785736,0.0945567637681961,0.29281875491142273,1.2022359371185303,-0.046592310070991516,0.0837017372250557,0.006156325340270996,0.7973620891571045,-0.10947668552398682,0.004665769636631012,0.03371892869472504,-1.5910346508026123,-0.12322242558002472,1.1863272190093994,-0.040110353380441666
-0.0128343990072608,-1.240005373954773,-9.215323448181152,-0.004112438298761845,2.058587074279785,0.04382414370775223,-0.07822373509407043,-0.0002623172476887703,-0.0013067411491647363,0.04493628069758415,0.00289697153493762,-0.0008898397209122777,-1.2852336168289185,-0.2165679931640625,-0.014202146790921688,-7.066483020782471,-5.2709245681762695,87.0,1724388902.3324032,-0.11237473785877228,-0.16938693821430206,0.031595371663570404,0.11638592928647995,-0.19744311273097992,-1.5518978834152222,0.9117149710655212,-3.328704357147217,1.1623814105987549,0.09508097171783447,-1.0596812963485718,0.9778484106063843,0.13295325636863708,0.01701365038752556,-0.02009706199169159,-0.12546944618225098,-1.3040391206741333,0.0948415994644165,0.09387320280075073,0.27241501212120056,1.1823623180389404,-0.04630675166845322,0.08390804380178452,0.004244446754455566,0.7788233757019043,-0.10876846313476562,0.003926768898963928,0.03255350887775421,-1.5974366664886475,-0.14791029691696167,1.198394775390625,-0.038292814046144485
-0.01193330716341734,-1.175419569015503,-9.213141441345215,-0.00277369050309062,2.020186424255371,0.056240327656269073,-0.07614230364561081,-0.00017293317068833858,-0.0013977799098938704,0.06402832269668579,-0.0001726291375234723,0.0019976042676717043,-1.2113970518112183,-0.21426868438720703,-0.014202146790921688,-7.066483020782471,-5.2709245681762695,88.0,1724388902.3780746,-0.11214634776115417,-0.16898684203624725,0.030924879014492035,0.1162327378988266,-0.19655202329158783,-1.556723952293396,0.86077880859375,-3.3178770542144775,1.1684871912002563,0.09356272220611572,-1.0073955059051514,0.9459226131439209,0.13139742612838745,0.016878444701433182,-0.020187903195619583,-0.125642791390419,-1.3557535409927368,0.09570033848285675,0.0934215635061264,0.23129190504550934,1.1426994800567627,-0.04557446390390396,0.08443945646286011,0.003686577081680298,0.7407422065734863,-0.10759678483009338,0.0039012357592582703,0.032739996910095215,-1.6114989519119263,-0.1974020004272461,1.2229974269866943,-0.034488994628190994
-0.011344601400196552,-1.1402747631072998,-9.212092399597168,-0.002329781651496887,1.998685359954834,0.06149495393037796,-0.07485402375459671,-0.0002295931481057778,-0.0013498789630830288,0.06598017364740372,-0.0020571653731167316,0.00705086812376976,-1.175419569015503,-0.21314144134521484,-0.014202146790921688,-7.066483020782471,-5.2709245681762695,89.0,1724388902.4090002,-0.11204685270786285,-0.1689586192369461,0.030764758586883545,0.11635617166757584,-0.19696247577667236,-1.5568478107452393,0.8607784509658813,-3.3175253868103027,1.168391227722168,0.09359310567378998,-1.0071756839752197,0.945784866809845,0.1311669945716858,0.016822397708892822,-0.020175451412796974,-0.12537625432014465,-1.3554941415786743,0.09572485089302063,0.09311234951019287,0.2313240021467209,1.14242684841156,-0.045690856873989105,0.08452549576759338,0.003245532512664795,0.7406612634658813,-0.10727447271347046,0.003840569406747818,0.032466620206832886,-1.611189365386963,-0.19726186990737915,1.2225942611694336,-0.03444058448076248
-0.010237298905849457,-1.070334553718567,-9.20976448059082,-0.0009872916853055358,1.9560186862945557,0.06939370185136795,-0.07288774102926254,-0.00024785121786408126,-0.0014496096409857273,0.04517947509884834,2.1571831894107163e-06,-0.007241503801196814,-1.1052348613739014,-0.21095561981201172,-0.014202146790921688,-7.066483020782471,-5.2709245681762695,90.0,1724388902.4409838,-0.11229892075061798,-0.16822504997253418,0.031481191515922546,0.11607187241315842,-0.1955125778913498,-1.557892918586731,0.8391187191009521,-3.313018798828125,1.1700190305709839,0.09325110912322998,-0.9848321676254272,0.9318283796310425,0.1307436227798462,0.017874468117952347,-0.01974736712872982,-0.12595030665397644,-1.376960277557373,0.09604127705097198,0.09345029294490814,0.2139437347650528,1.1254841089248657,-0.04508502036333084,0.08446088433265686,0.003823578357696533,0.723774790763855,-0.1075805127620697,0.0026473701000213623,0.034038156270980835,-1.6163731813430786,-0.21760088205337524,1.2318196296691895,-0.030909860506653786
-0.009710610844194889,-1.035591959953308,-9.20845890045166,-0.0002631817478686571,1.935712218284607,0.07569165527820587,-0.07235457748174667,-0.00013070859131403267,-0.0015024752356112003,0.020740313455462456,0.0027661232743412256,-0.006594969425350428,-1.035591959953308,-0.20845890045166016,-0.014202146790921688,-7.066483020782471,-5.2709245681762695,91.0,1724388902.4698231,-0.11289152503013611,-0.1677883416414261,0.03158939629793167,0.11649113893508911,-0.19402168691158295,-1.5540298223495483,0.8088895082473755,-3.2951831817626953,1.166364312171936,0.09249299764633179,-0.9524455070495605,0.9108948707580566,0.12943091988563538,0.018472522497177124,-0.019314223900437355,-0.12602196633815765,-1.398815631866455,0.09676791727542877,0.09440448880195618,0.19182929396629333,1.0990705490112305,-0.04431357979774475,0.08402105420827866,0.004745453596115112,0.6986136436462402,-0.10688608884811401,0.0030083581805229187,0.03578275442123413,-1.6158740520477295,-0.24140843749046326,1.2395198345184326,-0.030105065554380417
-0.008539575152099133,-0.9681413173675537,-9.205435752868652,-8.265237556770444e-05,1.8962295055389404,0.09032057970762253,-0.07279467582702637,0.00029811347485519946,-0.0016130221774801612,-0.023411964997649193,0.011941931210458279,0.005996166728436947,-1.0015329122543335,-0.20704364776611328,-0.014202146790921688,-7.066483020782471,-5.2709245681762695,92.0,1724388902.4993122,-0.11294601857662201,-0.16690267622470856,0.03196693956851959,0.11673766374588013,-0.19242118299007416,-1.5551401376724243,0.7847183346748352,-3.2903881072998047,1.1680446863174438,0.09234492480754852,-0.9272276163101196,0.8949998021125793,0.12875619530677795,0.019666515290737152,-0.01854456029832363,-0.12646295130252838,-1.4224079847335815,0.09739819169044495,0.09514026343822479,0.1724970042705536,1.0801724195480347,-0.04386691749095917,0.0834207534790039,0.005574971437454224,0.6789364814758301,-0.10704153776168823,0.0027066245675086975,0.03764373064041138,-1.6219661235809326,-0.2639104127883911,1.2497872114181519,-0.027718519791960716
